timestamp,open,high,low,close,volume
2026-04-12T09:00:00Z,71650.335938,71654.359375,71543.804688,71561.820312,94949376.0
2026-04-12T10:00:00Z,71563.429688,71676.1875,71405.109375,71458.273438,101920768.0
2026-04-12T11:00:00Z,71465.164062,71545.554688,71448.320312,71494.46875,383551488.0
2026-04-12T12:00:00Z,71493.992188,71515.148438,71129.40625,71158.734375,516511744.0
2026-04-12T13:00:00Z,71004.164062,71102.679688,70895.84375,70895.84375,687714304.0
2026-04-12T14:00:00Z,70906.40625,71084.554688,70739.601562,70807.34375,594534400.0
2026-04-12T15:00:00Z,70768.640625,70944.445312,70721.789062,70906.820312,588967936.0
2026-04-12T16:00:00Z,70886.101562,70959.578125,70856.414062,70902.757812,0.0
2026-04-12T17:00:00Z,70958.992188,71198.398438,70934.234375,71143.132812,97961984.0
2026-04-12T18:00:00Z,71125.421875,71221.210938,71091.5625,71161.070312,0.0
2026-04-12T19:00:00Z,71158.640625,71234.304688,71081.585938,71114.726562,0.0
2026-04-12T20:00:00Z,71110.75,71431.695312,70971.484375,71359.398438,137883648.0
2026-04-12T21:00:00Z,71349.539062,71452.226562,71228.710938,71284.375,0.0
2026-04-12T22:00:00Z,71345.109375,71345.109375,70593.453125,70901.789062,1398806528.0
2026-04-12T23:00:00Z,70917.5625,70917.5625,70581.140625,70757.617188,224360448.0
2026-04-13T00:00:00Z,70741.296875,71229.570312,70629.453125,71159.460938,292968448.0
2026-04-13T01:00:00Z,71174.0625,71224.445312,71064.914062,71221.5,0.0
2026-04-13T02:00:00Z,71199.179688,71264.46875,71013.851562,71080.9375,0.0
2026-04-13T03:00:00Z,71063.625,71126.632812,70951.007812,70989.6875,0.0
2026-04-13T04:00:00Z,70981.3125,71120.445312,70866.296875,70932.84375,450109440.0
2026-04-13T05:00:00Z,70904.03125,70916.179688,70713.492188,70857.4375,975269888.0
2026-04-13T06:00:00Z,70870.625,71077.578125,70870.625,71064.859375,1428049920.0
2026-04-13T07:00:00Z,71043.46875,71043.46875,70699.671875,70831.3125,1218619392.0
2026-04-13T08:00:00Z,70810.34375,70846.507812,70588.523438,70667.789062,1922785280.0
2026-04-13T09:00:00Z,70667.789062,70881.15625,70667.789062,70789.25,0.0
2026-04-13T10:00:00Z,70791.625,70835.046875,70727.5,70745.539062,0.0
2026-04-13T11:00:00Z,70738.179688,70960.554688,70738.179688,70947.210938,256931840.0
2026-04-13T12:00:00Z,70883.445312,71195.453125,70788.5,71102.421875,43233280.0
2026-04-13T13:00:00Z,71127.445312,71608.929688,70859.523438,71608.929688,1137176576.0
2026-04-13T14:00:00Z,71657.289062,72420.117188,71485.445312,72420.117188,2789216256.0
2026-04-13T15:00:00Z,72408.421875,72408.421875,71691.851562,71838.046875,2246270976.0
2026-04-13T16:00:00Z,71909.382812,72436.617188,71821.390625,72204.726562,2313646080.0
2026-04-13T17:00:00Z,72187.40625,72560.015625,72151.617188,72153.398438,2198884352.0
2026-04-13T18:00:00Z,72168.976562,72457.6875,72101.75,72457.6875,1392091136.0
2026-04-13T19:00:00Z,72454.007812,73472.53125,72327.703125,73373.984375,3468292096.0
2026-04-13T20:00:00Z,73379.046875,73379.046875,73046.53125,73204.078125,1933516800.0
2026-04-13T21:00:00Z,73182.117188,73338.960938,73137.414062,73229.164062,616419328.0
2026-04-13T22:00:00Z,73208.84375,74699.296875,73208.84375,74640.609375,2595000320.0
2026-04-13T23:00:00Z,74546.992188,74856.671875,74485.984375,74532.742188,2946129920.0
2026-04-14T00:00:00Z,74442.226562,74504.140625,74162.023438,74162.023438,108036096.0
2026-04-14T01:00:00Z,74145.921875,74427.273438,74074.78125,74378.992188,2039922688.0
2026-04-14T02:00:00Z,74404.710938,74566.109375,74317.484375,74374.367188,0.0
2026-04-14T03:00:00Z,74365.78125,74499.007812,74291.679688,74454.382812,392503296.0
2026-04-14T04:00:00Z,74450.851562,74512.164062,74391.242188,74397.703125,0.0
2026-04-14T05:00:00Z,74393.757812,74418.085938,74192.1875,74209.84375,0.0
2026-04-14T06:00:00Z,74312.171875,74565.773438,74299.148438,74565.773438,238682112.0
2026-04-14T07:00:00Z,74551.273438,74930.429688,74511.195312,74547.554688,1304555520.0
2026-04-14T08:00:00Z,74547.046875,74901.6875,74510.515625,74776.164062,905838592.0
2026-04-14T09:00:00Z,74770.9375,74845.84375,74469.164062,74538.09375,705634304.0
2026-04-14T10:00:00Z,74506.390625,74638.070312,74363.492188,74423.445312,603942912.0
2026-04-14T11:00:00Z,74395.28125,74465.960938,74333.273438,74456.0,460406784.0
2026-04-14T12:00:00Z,74398.828125,74457.585938,74297.015625,74457.585938,120107008.0
2026-04-14T13:00:00Z,74455.375,75495.476562,74455.375,75490.398438,1937948672.0
2026-04-14T14:00:00Z,75532.804688,76009.03125,75180.125,75180.125,3226267648.0
2026-04-14T15:00:00Z,75090.179688,75423.898438,74743.289062,75367.164062,628752384.0
2026-04-14T16:00:00Z,75390.960938,75666.039062,74566.21875,74566.21875,0.0
2026-04-14T17:00:00Z,74653.414062,74947.632812,74332.015625,74766.5,0.0
2026-04-14T18:00:00Z,74806.210938,74809.554688,73946.851562,74097.0625,653688832.0
2026-04-14T19:00:00Z,74132.796875,74403.929688,73960.757812,74265.898438,0.0
2026-04-14T20:00:00Z,74329.203125,74423.148438,74052.28125,74052.28125,0.0
2026-04-14T21:00:00Z,74157.210938,74343.96875,73982.46875,74315.289062,0.0
2026-04-14T22:00:00Z,74272.21875,74413.210938,73905.179688,74067.359375,0.0
2026-04-14T23:00:00Z,74067.320312,74269.257812,74046.179688,74186.539062,73728.0
2026-04-15T00:00:00Z,74176.09375,74721.828125,74153.273438,74601.5,1786605568.0
2026-04-15T01:00:00Z,74585.273438,74828.609375,74531.28125,74649.0,0.0
2026-04-15T02:00:00Z,74645.460938,74725.859375,74218.148438,74359.84375,0.0
2026-04-15T03:00:00Z,74364.78125,74405.992188,74214.53125,74376.75,0.0
2026-04-15T04:00:00Z,74377.851562,74471.179688,74294.007812,74354.171875,0.0
2026-04-15T05:00:00Z,74369.976562,74463.992188,73912.578125,74054.953125,0.0
2026-04-15T06:00:00Z,74036.921875,74081.578125,73902.921875,73924.0,0.0
2026-04-15T07:00:00Z,73946.921875,74048.46875,73545.0,73771.34375,68005888.0
2026-04-15T08:00:00Z,73776.828125,74219.007812,73706.0,74139.28125,0.0
2026-04-15T09:00:00Z,74139.992188,74213.429688,73930.25,74033.460938,0.0
2026-04-15T10:00:00Z,74019.359375,74261.882812,73822.03125,73890.898438,151773184.0
2026-04-15T11:00:00Z,73906.546875,74276.242188,73895.289062,74233.320312,0.0
2026-04-15T12:00:00Z,74236.328125,74475.671875,74076.007812,74310.0625,292081664.0
2026-04-15T13:00:00Z,74302.453125,74457.078125,73836.0625,74075.859375,0.0
2026-04-15T14:00:00Z,74082.023438,74531.648438,73855.53125,74149.65625,0.0
2026-04-15T15:00:00Z,74164.8125,74311.382812,73629.4375,73872.007812,0.0
2026-04-15T16:00:00Z,73850.039062,74192.28125,73783.492188,73956.726562,0.0
2026-04-15T17:00:00Z,73960.140625,74253.601562,73929.992188,74154.992188,0.0
2026-04-15T18:00:00Z,74139.421875,74430.132812,74086.226562,74410.0,0.0
2026-04-15T19:00:00Z,74420.007812,75310.101562,74390.0,75026.320312,160878592.0
2026-04-15T20:00:00Z,75057.679688,75069.921875,74541.0625,74872.148438,200192000.0
2026-04-15T21:00:00Z,74860.039062,74888.882812,74572.078125,74765.382812,0.0
2026-04-15T22:00:00Z,74784.710938,75400.0,74763.890625,74984.382812,0.0
2026-04-15T23:00:00Z,74958.421875,74969.703125,74639.0,74825.867188,0.0
2026-04-16T00:00:00Z,74845.609375,74899.15625,74478.820312,74834.34375,0.0
2026-04-16T01:00:00Z,74810.0,74810.0,74494.21875,74681.46875,0.0
2026-04-16T02:00:00Z,74681.460938,75284.007812,74614.59375,74896.546875,0.0
2026-04-16T03:00:00Z,74890.929688,75155.820312,74880.148438,74904.210938,2016497664.0
2026-04-16T04:00:00Z,74901.15625,75185.867188,74751.0625,74964.648438,0.0
2026-04-16T05:00:00Z,74950.0,75158.640625,74915.09375,75058.007812,219258880.0
2026-04-16T06:00:00Z,75097.6875,75130.4375,74871.671875,75051.109375,96534528.0
2026-04-16T07:00:00Z,75031.742188,75100.0,74662.34375,74721.539062,0.0
2026-04-16T08:00:00Z,74721.546875,74765.15625,74535.429688,74697.710938,804335616.0
2026-04-16T09:00:00Z,74679.25,74927.828125,74611.796875,74612.671875,0.0
2026-04-16T10:00:00Z,74611.882812,74670.84375,74290.78125,74323.992188,0.0
2026-04-16T11:00:00Z,74327.992188,74601.65625,74300.007812,74593.328125,396546048.0
2026-04-16T12:00:00Z,74593.328125,74876.34375,74592.90625,74632.867188,0.0
2026-04-16T13:00:00Z,74628.789062,75023.179688,73309.726562,73793.976562,937250816.0
2026-04-16T14:00:00Z,73766.320312,74198.890625,73424.023438,73973.203125,372477952.0
2026-04-16T15:00:00Z,73969.742188,74893.3125,73943.65625,74719.992188,1685315584.0
2026-04-16T16:00:00Z,74746.0,74956.0,74088.59375,74186.03125,538931200.0
2026-04-16T17:00:00Z,74167.882812,74459.398438,73917.140625,74346.0,130420736.0
2026-04-16T18:00:00Z,74354.03125,75092.3125,74250.09375,75054.4375,0.0
2026-04-16T19:00:00Z,75102.0,75429.609375,74762.671875,75371.976562,964886528.0
2026-04-16T20:00:00Z,75384.9375,75533.679688,75020.96875,75245.992188,128495616.0
2026-04-16T21:00:00Z,75252.210938,75300.0,74827.8125,74956.601562,121356288.0
2026-04-16T22:00:00Z,74966.257812,75139.453125,74853.75,74888.609375,0.0
2026-04-16T23:00:00Z,74866.40625,75198.460938,74847.96875,75163.09375,0.0
2026-04-17T00:00:00Z,75160.203125,75179.851562,74905.90625,74955.992188,0.0
2026-04-17T01:00:00Z,74960.617188,75061.351562,74594.476562,74763.890625,51539968.0
2026-04-17T02:00:00Z,74759.859375,74830.898438,74562.671875,74730.132812,0.0
2026-04-17T03:00:00Z,74724.992188,74860.109375,74629.757812,74633.148438,0.0
2026-04-17T04:00:00Z,74633.15625,74867.9375,74611.78125,74810.007812,0.0
2026-04-17T05:00:00Z,74810.0,74823.109375,74575.0,74656.5625,0.0
2026-04-17T06:00:00Z,74645.023438,74960.90625,74614.46875,74921.242188,0.0
2026-04-17T07:00:00Z,74960.960938,75118.859375,74954.742188,75069.6875,61296640.0
2026-04-17T08:00:00Z,75095.40625,75888.75,75015.359375,75789.992188,619696128.0
2026-04-17T09:00:00Z,75821.976562,76370.0,75551.25,75811.476562,2566205440.0
2026-04-17T10:00:00Z,75811.453125,75907.140625,75124.226562,75301.109375,1024786432.0
2026-04-17T11:00:00Z,75292.507812,75633.75,75273.75,75622.578125,0.0
2026-04-17T12:00:00Z,75661.648438,76298.359375,75558.0,76294.609375,779100160.0
2026-04-17T13:00:00Z,76260.0,77453.226562,76100.007812,77388.0,5033406464.0
2026-04-17T14:00:00Z,77434.460938,78142.976562,77065.90625,77977.75,3173928960.0
2026-04-17T15:00:00Z,77977.507812,78060.023438,77497.601562,77843.273438,1281085440.0
2026-04-17T16:00:00Z,77836.21875,78340.039062,77785.25,77907.273438,778620928.0
2026-04-17T17:00:00Z,77898.757812,77955.007812,77152.5,77563.507812,973885440.0
2026-04-17T18:00:00Z,77576.25,77602.476562,77122.5,77206.0,126701568.0
2026-04-17T19:00:00Z,77210.132812,77524.0625,77063.257812,77517.867188,0.0
2026-04-17T20:00:00Z,77463.882812,77648.453125,77188.65625,77366.96875,0.0
2026-04-17T21:00:00Z,77373.273438,77531.242188,77310.0,77475.0,0.0
2026-04-17T22:00:00Z,77473.132812,77551.523438,77297.976562,77339.9375,221704192.0
2026-04-17T23:00:00Z,77328.007812,77336.242188,76941.992188,77098.007812,344924160.0
2026-04-18T00:00:00Z,77073.75,77287.460938,77010.0,77196.0,0.0
2026-04-18T01:00:00Z,77216.242188,77364.742188,77148.773438,77251.96875,0.0
2026-04-18T02:00:00Z,77251.96875,77447.429688,77154.289062,77323.507812,0.0
2026-04-18T03:00:00Z,77321.242188,77328.75,77001.3125,77040.0,0.0
2026-04-18T04:00:00Z,77025.992188,77197.5,76926.929688,77148.75,402907136.0
2026-04-18T05:00:00Z,77144.023438,77295.007812,77144.007812,77168.289062,52015104.0
2026-04-18T06:00:00Z,77168.296875,77253.75,77091.0,77160.007812,0.0
2026-04-18T07:00:00Z,77136.328125,77162.023438,76923.078125,77020.007812,0.0
2026-04-18T08:00:00Z,77020.023438,77070.390625,76534.023438,76760.023438,0.0
2026-04-18T09:00:00Z,76732.5,76743.742188,76450.15625,76631.257812,0.0
2026-04-18T10:00:00Z,76631.257812,76631.257812,76170.71875,76222.492188,0.0
2026-04-18T11:00:00Z,76222.5,76222.5,75798.75,76069.460938,0.0
2026-04-18T12:00:00Z,76074.796875,76323.742188,76070.992188,76239.757812,0.0
2026-04-18T13:00:00Z,76230.828125,76248.742188,75839.992188,76148.640625,0.0
2026-04-18T14:00:00Z,76150.007812,76314.09375,76008.757812,76280.609375,0.0
2026-04-18T15:00:00Z,76282.1875,76361.257812,76050.132812,76191.71875,0.0
2026-04-18T16:00:00Z,76173.09375,76249.976562,75823.03125,75968.117188,0.0
2026-04-18T17:00:00Z,75955.476562,75982.523438,75818.179688,75852.132812,0.0
2026-04-18T18:00:00Z,75842.007812,75886.898438,75482.96875,75672.4375,0.0
2026-04-18T19:00:00Z,75653.71875,75828.6875,75607.84375,75678.90625,0.0
2026-04-18T20:00:00Z,75688.59375,75875.828125,75633.679688,75784.9375,0.0
2026-04-18T21:00:00Z,75779.039062,75875.828125,75632.671875,75854.570312,0.0
2026-04-18T22:00:00Z,75827.492188,75914.679688,75644.117188,75846.96875,0.0
2026-04-18T23:00:00Z,75861.039062,75921.976562,75730.578125,75730.578125,0.0
2026-04-19T00:00:00Z,75736.0,75884.007812,75590.171875,75705.21875,0.0
2026-04-19T01:00:00Z,75708.007812,75820.0,75500.0,75652.101562,129032192.0
2026-04-19T02:00:00Z,75643.671875,75741.351562,75452.0,75523.859375,53024768.0
2026-04-19T03:00:00Z,75523.859375,75668.0,75398.867188,75549.65625,71456768.0
2026-04-19T04:00:00Z,75546.492188,75798.40625,75454.617188,75700.007812,0.0
2026-04-19T05:00:00Z,75695.0625,75723.882812,75549.679688,75580.023438,0.0
2026-04-19T06:00:00Z,75580.007812,75580.007812,75325.0,75429.75,337053696.0
2026-04-19T07:00:00Z,75426.960938,75434.921875,74955.546875,75291.117188,855674880.0
2026-04-19T08:00:00Z,75265.0,75336.523438,75113.953125,75293.171875,0.0
2026-04-19T09:00:00Z,75292.539062,75301.492188,74963.382812,75055.421875,0.0
2026-04-19T10:00:00Z,75055.421875,75272.5625,74974.773438,75246.09375,0.0
2026-04-19T11:00:00Z,75246.09375,75653.0625,75242.023438,75637.523438,0.0
2026-04-19T12:00:00Z,75652.3125,75730.492188,75480.0,75611.90625,0.0
2026-04-19T13:00:00Z,75588.460938,76257.070312,75588.351562,75963.132812,582748160.0
2026-04-19T14:00:00Z,75963.132812,76180.578125,75707.976562,76064.960938,266915840.0
2026-04-19T15:00:00Z,76062.84375,76187.992188,75450.476562,75885.617188,1075015680.0
2026-04-19T16:00:00Z,75885.617188,75893.632812,75356.007812,75416.007812,0.0
2026-04-19T17:00:00Z,75419.351562,75419.351562,74707.992188,74820.851562,425570304.0
2026-04-19T18:00:00Z,74793.882812,74910.171875,74641.476562,74806.710938,642525184.0
2026-04-19T19:00:00Z,74813.257812,75110.421875,74813.257812,74985.039062,272711680.0
2026-04-19T20:00:00Z,74985.039062,74985.039062,74493.476562,74662.5625,0.0
2026-04-19T21:00:00Z,74662.5625,74842.320312,74407.84375,74461.203125,505593856.0
2026-04-19T22:00:00Z,74423.992188,74438.578125,73802.578125,74072.539062,2095738880.0
2026-04-19T23:00:00Z,74076.8125,74076.8125,73815.203125,73815.203125,628639744.0
2026-04-20T00:00:00Z,73830.0,74382.15625,73772.960938,74305.296875,972533760.0
2026-04-20T01:00:00Z,74314.679688,74772.351562,74239.796875,74621.429688,524847104.0
2026-04-20T02:00:00Z,74623.992188,74654.9375,74337.390625,74439.90625,387602432.0
2026-04-20T03:00:00Z,74448.273438,74672.960938,74390.132812,74665.617188,237033472.0
2026-04-20T04:00:00Z,74666.078125,74669.1875,74469.039062,74593.59375,0.0
2026-04-20T05:00:00Z,74567.78125,74586.070312,74136.9375,74297.921875,346931200.0
2026-04-20T06:00:00Z,74315.828125,74910.15625,74283.539062,74820.179688,234817536.0
2026-04-20T07:00:00Z,74873.421875,75582.007812,74694.367188,74860.023438,489672704.0
2026-04-20T08:00:00Z,74860.382812,75026.953125,74650.28125,74758.007812,597123072.0
2026-04-20T09:00:00Z,74745.359375,75269.523438,74726.109375,75100.4375,463020032.0
2026-04-20T10:00:00Z,75130.382812,75436.03125,75042.171875,75068.6875,41537536.0
2026-04-20T11:00:00Z,75068.726562,75318.257812,75000.289062,75232.726562,0.0
2026-04-20T12:00:00Z,75222.898438,75669.007812,75111.257812,75322.867188,466120704.0
2026-04-20T13:00:00Z,75349.929688,75467.28125,74945.171875,75316.890625,71524352.0
2026-04-20T14:00:00Z,75300.0,75765.210938,74961.117188,75071.84375,1182838784.0
2026-04-20T15:00:00Z,75090.75,75758.078125,74735.742188,75750.0,651075584.0
2026-04-20T16:00:00Z,75753.148438,75753.148438,75328.75,75378.789062,407003136.0
2026-04-20T17:00:00Z,75391.21875,75998.148438,75322.359375,75937.3125,0.0
2026-04-20T18:00:00Z,75954.421875,76489.0625,75953.367188,76455.671875,623157248.0
2026-04-20T19:00:00Z,76483.367188,76528.007812,76184.859375,76330.9375,1873649664.0
2026-04-20T20:00:00Z,76311.109375,76590.0,76162.3125,76317.28125,1115488256.0
2026-04-20T21:00:00Z,76330.0,76405.726562,75816.0,75988.007812,287932416.0
2026-04-20T22:00:00Z,76054.0,76180.578125,75933.023438,76004.671875,0.0
2026-04-20T23:00:00Z,75912.773438,75937.726562,75655.992188,75875.039062,0.0
2026-04-21T00:00:00Z,75876.890625,76129.828125,75724.820312,76128.101562,0.0
2026-04-21T01:00:00Z,76086.0,76270.1875,75906.023438,75955.0625,0.0
2026-04-21T02:00:00Z,75955.070312,75958.9375,75612.0,75613.75,0.0
2026-04-21T03:00:00Z,75613.75,75747.390625,75520.0,75740.578125,0.0
2026-04-21T04:00:00Z,75755.773438,75850.710938,75633.28125,75840.578125,0.0
2026-04-21T05:00:00Z,75840.007812,76010.640625,75815.0,75835.773438,0.0
2026-04-21T06:00:00Z,75835.773438,76146.0,75731.171875,76001.828125,0.0
2026-04-21T07:00:00Z,76007.789062,76323.539062,75851.742188,76118.09375,52444172288.0
2026-04-21T08:00:00Z,76125.632812,76879.34375,76114.59375,76545.65625,467214336.0
2026-04-21T09:00:00Z,76545.609375,76596.492188,76192.382812,76388.398438,0.0
2026-04-21T10:00:00Z,76382.460938,76905.171875,76382.460938,76775.117188,294772736.0
2026-04-21T11:00:00Z,76786.953125,76789.328125,76370.007812,76478.617188,612114432.0
2026-04-21T12:00:00Z,76489.0,76548.773438,75749.351562,76044.5625,274640896.0
2026-04-21T13:00:00Z,76051.25,76198.609375,75752.820312,75922.0,29853859840.0
2026-04-21T14:00:00Z,75936.960938,76595.0,75658.976562,75687.476562,0.0
2026-04-21T15:00:00Z,75694.4375,75999.320312,75438.703125,75849.703125,0.0
2026-04-21T16:00:00Z,75869.71875,76191.257812,75772.890625,75794.992188,0.0
2026-04-21T17:00:00Z,75782.523438,75863.992188,75107.179688,75567.257812,0.0
2026-04-21T18:00:00Z,75541.953125,75664.992188,75319.203125,75622.789062,0.0
2026-04-21T19:00:00Z,75633.757812,75909.492188,74825.992188,75019.992188,0.0
2026-04-21T20:00:00Z,75004.367188,75868.90625,74989.539062,75743.71875,0.0
2026-04-21T21:00:00Z,75740.679688,75796.679688,75469.859375,75565.007812,0.0
2026-04-21T22:00:00Z,75566.632812,75662.140625,75325.148438,75662.007812,115748864.0
2026-04-21T23:00:00Z,75645.0,76437.257812,75645.0,76356.0,343629824.0
2026-04-22T00:00:00Z,76370.0,76519.070312,76234.007812,76337.15625,11161600.0
2026-04-22T01:00:00Z,76370.578125,76432.9375,76148.109375,76316.789062,16044032.0
2026-04-22T02:00:00Z,76334.929688,77662.070312,76244.03125,77626.007812,1683529728.0
2026-04-22T03:00:00Z,77627.359375,77746.882812,77430.0,77541.546875,1451786240.0
2026-04-22T04:00:00Z,77547.992188,77715.976562,77384.070312,77536.0,753033216.0
2026-04-22T05:00:00Z,77552.03125,78433.898438,77463.992188,77991.929688,2779820032.0
2026-04-22T06:00:00Z,77983.296875,78048.929688,77914.976562,78024.40625,737804288.0
2026-04-22T07:00:00Z,78028.976562,78128.0,77844.210938,78007.6875,11460608.0
2026-04-22T08:00:00Z,78044.289062,78220.03125,77960.0,78029.6875,65699840.0
2026-04-22T09:00:00Z,77993.976562,78202.148438,77971.296875,78035.796875,18178048.0
2026-04-22T10:00:00Z,78015.5625,78193.210938,77967.679688,78186.5625,60895232.0
2026-04-22T11:00:00Z,78193.953125,78385.53125,78120.007812,78322.546875,0.0
2026-04-22T12:00:00Z,78329.0,78514.789062,78146.882812,78262.898438,142364672.0
2026-04-22T13:00:00Z,78252.359375,78887.4375,78204.101562,78887.4375,1212329984.0
2026-04-22T14:00:00Z,78897.609375,79178.859375,78625.976562,79077.25,1833050112.0
2026-04-22T15:00:00Z,79094.859375,79450.0,78882.671875,79325.382812,864710656.0
2026-04-22T16:00:00Z,79371.929688,79500.007812,78697.96875,78777.367188,912244736.0
2026-04-22T17:00:00Z,78782.460938,79078.359375,78724.726562,78923.0,0.0
2026-04-22T18:00:00Z,78945.21875,79198.898438,78857.039062,79062.460938,0.0
2026-04-22T19:00:00Z,79000.539062,79106.398438,78740.90625,78891.976562,0.0
2026-04-22T20:00:00Z,78918.523438,78946.382812,78440.0,78459.820312,0.0
2026-04-22T21:00:00Z,78447.023438,78858.242188,78447.023438,78794.757812,537243648.0
2026-04-22T22:00:00Z,78785.242188,78865.078125,78487.28125,78642.898438,55644160.0
2026-04-22T23:00:00Z,78623.976562,78635.601562,78184.007812,78208.546875,77496320.0
2026-04-23T00:00:00Z,78208.539062,78605.0,77628.070312,78449.546875,433913856.0
2026-04-23T01:00:00Z,78442.148438,78469.148438,78098.382812,78382.992188,1216458752.0
2026-04-23T02:00:00Z,78387.390625,78387.390625,77789.59375,77967.460938,0.0
2026-04-23T03:00:00Z,77969.601562,78050.4375,77536.007812,77778.0,122421248.0
2026-04-23T04:00:00Z,77748.648438,77963.851562,77698.703125,77935.460938,0.0
2026-04-23T05:00:00Z,77944.0,78112.0,77800.03125,78027.90625,0.0
2026-04-23T06:00:00Z,78066.1875,78370.492188,78066.1875,78240.007812,0.0
2026-04-23T07:00:00Z,78259.992188,78281.773438,78006.617188,78086.140625,0.0
2026-04-23T08:00:00Z,78086.140625,78204.3125,77748.023438,77877.34375,0.0
2026-04-23T09:00:00Z,77877.351562,77887.46875,77467.757812,77675.1875,659345408.0
2026-04-23T10:00:00Z,77672.007812,77737.90625,77216.890625,77425.90625,1208832000.0
2026-04-23T11:00:00Z,77463.351562,77768.867188,77407.78125,77722.289062,0.0
2026-04-23T12:00:00Z,77722.328125,77904.101562,77609.476562,77904.101562,0.0
2026-04-23T13:00:00Z,77894.007812,77943.671875,77422.5,77558.5,0.0
2026-04-23T14:00:00Z,77514.679688,78238.570312,77446.367188,78216.578125,0.0
2026-04-23T15:00:00Z,78214.4375,78716.328125,78012.046875,78413.179688,30183424.0
2026-04-23T16:00:00Z,78420.726562,78544.65625,78068.0,78128.601562,0.0
2026-04-23T17:00:00Z,78142.15625,78218.53125,76986.296875,77796.421875,1466310656.0
2026-04-23T18:00:00Z,77766.953125,78172.6875,77713.976562,77739.09375,388833280.0
2026-04-23T19:00:00Z,77698.0625,77922.210938,77629.25,77743.15625,236609536.0
2026-04-23T20:00:00Z,77732.539062,78070.398438,77669.898438,77906.101562,0.0
2026-04-23T21:00:00Z,77906.601562,78091.960938,77811.0,77901.039062,0.0
2026-04-23T22:00:00Z,77912.273438,78366.1875,77912.273438,78262.242188,0.0
2026-04-23T23:00:00Z,78220.046875,78327.0,78051.8125,78281.320312,0.0
2026-04-24T00:00:00Z,78320.382812,78516.328125,78197.179688,78439.5625,0.0
2026-04-24T01:00:00Z,78447.976562,78483.070312,77989.8125,78465.132812,0.0
2026-04-24T02:00:00Z,78442.648438,78570.023438,78108.023438,78154.101562,0.0
2026-04-24T03:00:00Z,78166.476562,78215.023438,77590.507812,77755.390625,29274112.0
2026-04-24T04:00:00Z,77744.90625,77871.929688,77532.007812,77682.90625,117673984.0
2026-04-24T05:00:00Z,77673.601562,78039.390625,77465.898438,77974.289062,0.0
2026-04-24T06:00:00Z,77992.132812,77999.101562,77786.289062,77813.117188,0.0
2026-04-24T07:00:00Z,77805.0,77878.203125,77568.4375,77676.960938,466751488.0
2026-04-24T08:00:00Z,77676.960938,78029.976562,77593.203125,77808.726562,0.0
2026-04-24T09:00:00Z,77811.429688,77826.070312,77436.0,77551.890625,0.0
2026-04-24T10:00:00Z,77528.617188,77798.3125,77457.210938,77762.453125,0.0
2026-04-24T11:00:00Z,77776.023438,78395.273438,77762.4375,78256.09375,1137606656.0
2026-04-24T12:00:00Z,78272.96875,78377.046875,78056.882812,78290.648438,0.0
2026-04-24T13:00:00Z,78290.640625,78447.757812,77922.960938,78107.859375,300425216.0
2026-04-24T14:00:00Z,78067.28125,78096.007812,77704.1875,78074.15625,260997120.0
2026-04-24T15:00:00Z,78057.992188,78237.5625,77619.992188,78068.03125,0.0
2026-04-24T16:00:00Z,78077.078125,78081.242188,77606.46875,77804.039062,34394112.0
2026-04-24T17:00:00Z,77772.296875,77831.84375,77502.601562,77707.148438,0.0
2026-04-24T18:00:00Z,77691.460938,77741.890625,77385.90625,77637.609375,0.0
2026-04-24T19:00:00Z,77680.226562,77767.40625,77556.320312,77659.71875,0.0
2026-04-24T20:00:00Z,77657.023438,77781.921875,77480.0,77748.679688,0.0
2026-04-24T21:00:00Z,77748.679688,77785.0,77565.453125,77565.453125,263231488.0
2026-04-24T22:00:00Z,77572.039062,77650.71875,77306.0625,77360.0,392822784.0
2026-04-24T23:00:00Z,77368.640625,77484.976562,77358.828125,77461.796875,215015424.0
2026-04-25T00:00:00Z,77471.179688,77518.601562,77329.289062,77483.4375,0.0
2026-04-25T01:00:00Z,77498.007812,77645.460938,77461.007812,77559.96875,0.0
2026-04-25T02:00:00Z,77559.96875,77669.53125,77518.78125,77639.179688,0.0
2026-04-25T03:00:00Z,77654.570312,77736.117188,77574.679688,77674.0,0.0
2026-04-25T04:00:00Z,77699.90625,77726.15625,77621.898438,77641.15625,0.0
2026-04-25T05:00:00Z,77634.320312,77634.320312,77509.679688,77542.1875,0.0
2026-04-25T06:00:00Z,77545.75,77609.28125,77506.710938,77526.421875,0.0
2026-04-25T07:00:00Z,77510.007812,77598.039062,77470.0,77532.960938,0.0
2026-04-25T08:00:00Z,77514.257812,77686.796875,77510.9375,77672.648438,0.0
2026-04-25T09:00:00Z,77686.796875,77805.890625,77612.0,77738.1875,0.0
2026-04-25T10:00:00Z,77745.648438,77910.351562,77745.648438,77809.476562,0.0
2026-04-25T11:00:00Z,77809.46875,77809.46875,77636.171875,77697.398438,0.0
2026-04-25T12:00:00Z,77704.507812,77736.953125,77565.4375,77575.28125,0.0
2026-04-25T13:00:00Z,77580.367188,77731.703125,77580.367188,77701.359375,0.0
2026-04-25T14:00:00Z,77701.359375,77768.796875,77652.09375,77679.960938,0.0
2026-04-25T15:00:00Z,77679.953125,77744.023438,77345.0,77354.0625,0.0
2026-04-25T16:00:00Z,77332.570312,77483.429688,77199.023438,77427.6875,0.0
2026-04-25T17:00:00Z,77427.679688,77433.75,77236.132812,77274.53125,0.0
2026-04-25T18:00:00Z,77242.171875,77414.5625,77242.171875,77311.0,0.0
2026-04-25T19:00:00Z,77309.601562,77372.351562,77210.0,77339.773438,28358656.0
2026-04-25T20:00:00Z,77371.90625,77506.601562,77324.570312,77497.070312,0.0
2026-04-25T21:00:00Z,77498.210938,77555.492188,77434.25,77555.492188,0.0
2026-04-25T22:00:00Z,77548.898438,77662.257812,77519.523438,77575.273438,0.0
2026-04-25T23:00:00Z,77577.96875,77666.476562,77545.773438,77650.710938,643072.0
2026-04-26T00:00:00Z,77650.726562,77663.84375,77468.398438,77520.34375,0.0
2026-04-26T01:00:00Z,77544.75,77591.679688,77471.851562,77477.460938,0.0
2026-04-26T02:00:00Z,77471.851562,77620.539062,77471.84375,77545.703125,0.0
2026-04-26T03:00:00Z,77544.257812,77564.523438,77346.4375,77408.007812,0.0
2026-04-26T04:00:00Z,77400.023438,77838.007812,77394.882812,77790.632812,0.0
2026-04-26T05:00:00Z,77790.0625,78212.609375,77736.0,78004.96875,938505216.0
2026-04-26T06:00:00Z,78025.007812,78073.90625,77918.320312,78019.1875,0.0
2026-04-26T07:00:00Z,78039.679688,78146.0,77985.617188,78126.3125,199276544.0
2026-04-26T08:00:00Z,78135.671875,78232.84375,78045.226562,78050.007812,146167808.0
2026-04-26T09:00:00Z,78039.9375,78081.28125,77941.976562,78026.90625,110282752.0
2026-04-26T10:00:00Z,78018.09375,78077.0625,77975.4375,78024.640625,0.0
2026-04-26T11:00:00Z,78024.632812,78175.84375,78024.632812,78118.0,0.0
2026-04-26T12:00:00Z,78118.007812,78135.21875,77787.9375,77850.8125,137375744.0
2026-04-26T13:00:00Z,77851.742188,78000.0,77818.109375,77993.742188,366237696.0
2026-04-26T14:00:00Z,77975.71875,78189.640625,77893.4375,78108.382812,190869504.0
2026-04-26T15:00:00Z,78123.039062,78146.71875,78014.8125,78073.132812,0.0
2026-04-26T16:00:00Z,78084.390625,78112.296875,77955.820312,77955.820312,0.0
2026-04-26T17:00:00Z,77931.367188,78077.109375,77872.476562,78037.460938,344146944.0
2026-04-26T18:00:00Z,78054.046875,78330.0625,78010.0,78301.992188,413807616.0
2026-04-26T19:00:00Z,78318.546875,78519.992188,78050.007812,78258.0,636866560.0
2026-04-26T20:00:00Z,78274.03125,78402.203125,78180.0625,78228.578125,237776896.0
2026-04-26T21:00:00Z,78230.078125,78918.65625,77891.046875,78437.960938,558198784.0
2026-04-26T22:00:00Z,78388.289062,78871.320312,78037.78125,78333.242188,2111141888.0
2026-04-26T23:00:00Z,78296.890625,78874.992188,78059.0,78664.640625,752857088.0
2026-04-27T00:00:00Z,78673.828125,79388.007812,78425.992188,79277.992188,1541167104.0
2026-04-27T01:00:00Z,79389.148438,79492.140625,78768.59375,79295.421875,2230464512.0
2026-04-27T02:00:00Z,79307.859375,79313.21875,79051.28125,79150.0,807475200.0
2026-04-27T03:00:00Z,79123.4375,79329.84375,79091.867188,79120.023438,590821376.0
2026-04-27T04:00:00Z,79124.382812,79175.90625,78893.9375,78942.023438,243953664.0
2026-04-27T05:00:00Z,78959.773438,78959.773438,77599.34375,77798.710938,1914812416.0
2026-04-27T06:00:00Z,77779.507812,77879.132812,77493.007812,77707.976562,967970816.0
2026-04-27T07:00:00Z,77695.0,77749.109375,77572.007812,77621.210938,735031296.0
2026-04-27T08:00:00Z,77608.382812,77822.507812,77565.171875,77811.5625,513406976.0
2026-04-27T09:00:00Z,77815.960938,77989.398438,77706.421875,77902.453125,714866688.0
2026-04-27T10:00:00Z,77890.6875,77948.453125,77792.476562,77857.453125,402022400.0
2026-04-27T11:00:00Z,77851.710938,77896.960938,77745.007812,77847.890625,231636992.0
2026-04-27T12:00:00Z,77845.320312,77878.0,77620.0,77671.039062,144779264.0
2026-04-27T13:00:00Z,77658.757812,77961.382812,77576.78125,77750.0,685049856.0
2026-04-27T14:00:00Z,77749.96875,78277.226562,77675.523438,77813.84375,831911936.0
2026-04-27T15:00:00Z,77826.3125,77838.492188,76581.109375,76789.539062,3476070400.0
2026-04-27T16:00:00Z,76748.929688,76857.976562,76536.640625,76610.007812,1258008576.0
2026-04-27T17:00:00Z,76629.773438,76915.203125,76623.398438,76721.226562,868204544.0
2026-04-27T18:00:00Z,76687.84375,76880.757812,76647.023438,76819.203125,89055232.0
2026-04-27T19:00:00Z,76802.023438,76886.40625,76464.78125,76884.429688,182620160.0
2026-04-27T20:00:00Z,76873.273438,77064.039062,76836.398438,76955.359375,305152000.0
2026-04-27T21:00:00Z,76938.242188,76980.539062,76777.0,76777.0,0.0
2026-04-27T22:00:00Z,76817.34375,77076.476562,76753.90625,77058.296875,0.0
2026-04-27T23:00:00Z,77026.5625,77444.40625,77007.046875,77364.421875,0.0
2026-04-28T00:00:00Z,77380.9375,77478.976562,77213.953125,77381.796875,0.0
2026-04-28T01:00:00Z,77364.476562,77399.679688,77043.71875,77088.492188,0.0
2026-04-28T02:00:00Z,77103.5625,77226.242188,76677.617188,76888.023438,0.0
2026-04-28T03:00:00Z,76876.039062,76894.71875,76677.617188,76809.3125,0.0
2026-04-28T04:00:00Z,76804.976562,76952.84375,76707.828125,76885.210938,0.0
2026-04-28T05:00:00Z,76900.5625,77147.039062,76808.0,76881.789062,0.0
2026-04-28T06:00:00Z,76903.679688,77029.390625,76584.96875,76696.320312,0.0
2026-04-28T07:00:00Z,76702.992188,76914.242188,76442.0,76872.953125,326801408.0
2026-04-28T08:00:00Z,76879.757812,76998.476562,76737.03125,76856.0,719095808.0
2026-04-28T09:00:00Z,76852.117188,76867.429688,76485.179688,76587.242188,0.0
2026-04-28T10:00:00Z,76580.648438,76686.46875,76476.8125,76602.25,0.0
2026-04-28T11:00:00Z,76608.34375,76636.546875,76122.476562,76221.59375,1290969088.0
2026-04-28T12:00:00Z,76250.0,76420.539062,76162.3125,76383.492188,713492480.0
2026-04-28T13:00:00Z,76362.0,76415.046875,75978.242188,76183.671875,818876416.0
2026-04-28T14:00:00Z,76170.367188,76196.640625,75653.757812,75940.0,288567296.0
2026-04-28T15:00:00Z,75943.28125,76071.828125,75828.476562,76052.296875,0.0
2026-04-28T16:00:00Z,76034.390625,76180.0,75865.570312,76109.28125,0.0
2026-04-28T17:00:00Z,76102.117188,76249.992188,75939.101562,76166.789062,0.0
2026-04-28T18:00:00Z,76161.171875,76264.398438,76111.007812,76220.671875,831488.0
2026-04-28T19:00:00Z,76220.671875,76379.96875,76045.078125,76324.867188,0.0
2026-04-28T20:00:00Z,76338.210938,76478.328125,76321.453125,76461.992188,13672448.0
2026-04-28T21:00:00Z,76466.0625,76483.273438,76265.671875,76349.523438,54958080.0
2026-04-28T22:00:00Z,76384.851562,76439.75,76206.007812,76229.796875,0.0
2026-04-28T23:00:00Z,76219.1875,76349.5625,76176.5,76315.90625,690176.0
2026-04-29T00:00:00Z,76316.65625,76536.71875,76255.992188,76502.351562,0.0
2026-04-29T01:00:00Z,76486.8125,76627.71875,76166.578125,76544.703125,427184128.0
2026-04-29T02:00:00Z,76568.0,76642.632812,76383.6875,76508.640625,0.0
2026-04-29T03:00:00Z,76509.28125,77105.789062,76496.179688,76986.0,0.0
2026-04-29T04:00:00Z,76996.4375,77441.101562,76879.8125,77260.5625,1264224256.0
2026-04-29T05:00:00Z,77266.796875,77314.882812,77188.796875,77280.359375,204812288.0
2026-04-29T06:00:00Z,77276.148438,77318.28125,76921.570312,77016.0,118614016.0
2026-04-29T07:00:00Z,77026.546875,77163.851562,76998.5,77034.039062,0.0
2026-04-29T08:00:00Z,77047.09375,77141.890625,76947.703125,77029.4375,0.0
2026-04-29T09:00:00Z,77023.34375,77790.242188,76948.992188,77646.242188,679464960.0
2026-04-29T10:00:00Z,77686.546875,77898.53125,77560.757812,77618.0,1461803008.0
2026-04-29T11:00:00Z,77613.632812,77685.0,77478.796875,77581.929688,0.0
2026-04-29T12:00:00Z,77587.328125,77597.226562,76992.65625,77122.007812,780689408.0
2026-04-29T13:00:00Z,77116.507812,77221.0,76445.992188,76751.5,0.0
2026-04-29T14:00:00Z,76753.789062,76848.421875,76467.539062,76545.210938,0.0
2026-04-29T15:00:00Z,76542.96875,76613.5625,75675.851562,75897.671875,859480064.0
2026-04-29T16:00:00Z,75815.742188,76098.25,75668.5,75766.9375,1240072192.0
2026-04-29T17:00:00Z,75779.46875,76133.992188,75773.75,76127.960938,226410496.0
2026-04-29T18:00:00Z,76224.773438,76224.773438,74938.148438,75483.820312,2440900608.0
2026-04-29T19:00:00Z,75487.007812,75564.71875,75270.8125,75528.617188,657162240.0
2026-04-29T20:00:00Z,75523.257812,75819.921875,75454.898438,75644.46875,626184192.0
2026-04-29T21:00:00Z,75642.453125,76031.5,75580.671875,75902.539062,269643776.0
2026-04-29T22:00:00Z,75883.59375,75975.109375,75790.648438,75893.289062,208756736.0
2026-04-29T23:00:00Z,75900.039062,75962.429688,75685.171875,75752.867188,295948288.0
2026-04-30T00:00:00Z,75800.726562,76305.671875,75625.34375,76232.5625,17805312.0
2026-04-30T01:00:00Z,76205.90625,76429.21875,76148.367188,76212.84375,0.0
2026-04-30T02:00:00Z,76218.140625,76327.179688,75475.40625,75673.171875,588283904.0
2026-04-30T03:00:00Z,75663.726562,75972.492188,75650.851562,75901.820312,0.0
2026-04-30T04:00:00Z,75902.859375,75937.953125,75378.5625,75456.257812,0.0
2026-04-30T05:00:00Z,75455.09375,75725.328125,75315.039062,75567.898438,4648960.0
2026-04-30T06:00:00Z,75577.46875,75842.742188,75543.0625,75726.171875,0.0
2026-04-30T07:00:00Z,75724.976562,76146.546875,75683.9375,76134.328125,0.0
2026-04-30T08:00:00Z,76147.90625,76176.328125,75991.078125,76035.742188,0.0
2026-04-30T09:00:00Z,76023.757812,76321.421875,75980.976562,76071.859375,0.0
2026-04-30T10:00:00Z,76077.046875,76137.148438,75949.992188,75994.289062,0.0
2026-04-30T11:00:00Z,76013.039062,76206.007812,75848.0,76039.601562,0.0
2026-04-30T12:00:00Z,76031.1875,76390.007812,76016.5,76274.570312,122880.0
2026-04-30T13:00:00Z,76302.460938,76614.0,76073.992188,76381.992188,0.0
2026-04-30T14:00:00Z,76385.898438,76552.546875,76055.148438,76268.0,0.0
2026-04-30T15:00:00Z,76267.632812,76625.03125,76124.359375,76438.84375,0.0
2026-04-30T16:00:00Z,76437.25,76452.21875,76183.382812,76222.757812,0.0
2026-04-30T17:00:00Z,76208.703125,76296.742188,76073.8125,76210.429688,0.0
2026-04-30T18:00:00Z,76214.367188,76444.4375,76175.992188,76314.976562,0.0
2026-04-30T19:00:00Z,76315.0,76495.328125,76280.078125,76399.507812,0.0
2026-04-30T20:00:00Z,76380.03125,76538.6875,76291.96875,76461.5,0.0
2026-04-30T21:00:00Z,76450.3125,76507.210938,76207.90625,76207.90625,0.0
2026-04-30T22:00:00Z,76234.539062,76418.40625,76167.90625,76205.359375,0.0
2026-04-30T23:00:00Z,76205.359375,76343.007812,76183.96875,76296.726562,2476032.0
2026-05-01T00:00:00Z,76295.726562,76559.0625,76280.59375,76423.242188,0.0
2026-05-01T01:00:00Z,76424.632812,76746.203125,76415.351562,76650.75,0.0
2026-05-01T02:00:00Z,76670.992188,76711.023438,76506.296875,76566.460938,0.0
2026-05-01T03:00:00Z,76551.992188,77406.789062,76523.203125,77091.84375,1207324672.0
2026-05-01T04:00:00Z,77109.726562,77175.53125,76946.828125,77004.992188,343830528.0
2026-05-01T05:00:00Z,77011.171875,77160.140625,76999.78125,77140.578125,0.0
2026-05-01T06:00:00Z,77144.8125,77161.328125,76861.679688,76971.992188,0.0
2026-05-01T07:00:00Z,76953.992188,77119.273438,76930.0,77108.023438,193923072.0
2026-05-01T08:00:00Z,77097.5,77489.828125,77022.546875,77358.398438,666892288.0
2026-05-01T09:00:00Z,77366.890625,77383.203125,77185.601562,77266.0,0.0
2026-05-01T10:00:00Z,77250.007812,77413.578125,77140.007812,77280.046875,37529600.0
2026-05-01T11:00:00Z,77292.0,77574.726562,77246.398438,77452.726562,614119424.0
2026-05-01T12:00:00Z,77466.34375,78151.96875,77392.007812,77889.273438,561227776.0
2026-05-01T13:00:00Z,77894.96875,78940.40625,77894.96875,78759.96875,1674403840.0
2026-05-01T14:00:00Z,78780.0,78888.648438,78065.101562,78364.273438,1997266944.0
2026-05-01T15:00:00Z,78355.679688,78742.4375,78189.976562,78445.117188,1112219648.0
2026-05-01T16:00:00Z,78476.289062,78691.0,78157.023438,78202.929688,1083469824.0
2026-05-01T17:00:00Z,78190.84375,78596.296875,78125.328125,78550.0,402960384.0
2026-05-01T18:00:00Z,78575.0,78627.03125,78375.007812,78436.171875,349507584.0
2026-05-01T19:00:00Z,78455.757812,78552.976562,78310.1875,78373.976562,116981760.0
2026-05-01T20:00:00Z,78398.820312,78419.25,77750.203125,77872.8125,461291520.0
2026-05-01T21:00:00Z,77872.8125,78207.039062,77856.929688,78207.039062,430862336.0
2026-05-01T22:00:00Z,78207.710938,78417.421875,78130.578125,78146.679688,145272832.0
2026-05-01T23:00:00Z,78132.117188,78234.046875,78032.0625,78234.046875,0.0
2026-05-02T00:00:00Z,78234.390625,78391.382812,78168.0,78346.023438,0.0
2026-05-02T01:00:00Z,78320.0,78442.0,78292.890625,78348.007812,0.0
2026-05-02T02:00:00Z,78324.03125,78479.710938,78258.28125,78358.09375,0.0
2026-05-02T03:00:00Z,78365.171875,78508.960938,78244.4375,78409.632812,0.0
2026-05-02T04:00:00Z,78419.398438,78443.546875,78144.859375,78179.382812,0.0
2026-05-02T05:00:00Z,78176.507812,78236.71875,78034.28125,78175.742188,73678848.0
2026-05-02T06:00:00Z,78180.203125,78347.992188,78142.90625,78324.023438,0.0
2026-05-02T07:00:00Z,78318.007812,78348.226562,78200.007812,78211.648438,0.0
2026-05-02T08:00:00Z,78220.210938,78356.710938,78163.8125,78313.632812,0.0
2026-05-02T09:00:00Z,78324.007812,78392.40625,78234.078125,78299.789062,0.0
2026-05-02T10:00:00Z,78299.796875,78317.09375,78221.601562,78249.976562,0.0
2026-05-02T11:00:00Z,78223.6875,78234.0625,78093.101562,78147.039062,0.0
2026-05-02T12:00:00Z,78147.070312,78266.929688,78099.070312,78213.15625,0.0
2026-05-02T13:00:00Z,78224.382812,78414.867188,78224.382812,78364.679688,0.0
2026-05-02T14:00:00Z,78367.8125,78478.0,78305.0,78415.34375,0.0
2026-05-02T15:00:00Z,78424.101562,78486.492188,78362.09375,78483.523438,0.0
2026-05-02T16:00:00Z,78483.53125,78588.4375,78417.992188,78446.03125,0.0
2026-05-02T17:00:00Z,78450.0,78479.71875,78362.0,78393.078125,0.0
2026-05-02T18:00:00Z,78380.570312,78481.75,78308.0,78456.007812,0.0
2026-05-02T19:00:00Z,78461.828125,78521.242188,78431.28125,78471.78125,0.0
2026-05-02T20:00:00Z,78487.742188,78487.742188,78415.867188,78458.671875,0.0
2026-05-02T21:00:00Z,78474.976562,79135.539062,78450.0,78724.6875,134771712.0
2026-05-02T22:00:00Z,78724.6875,78874.117188,78605.289062,78833.976562,0.0
2026-05-02T23:00:00Z,78818.8125,78829.117188,78625.132812,78682.3125,214629376.0
2026-05-03T00:00:00Z,78682.3125,78732.710938,78499.476562,78551.710938,0.0
2026-05-03T01:00:00Z,78551.703125,78551.710938,78155.6875,78250.0,283268096.0
2026-05-03T02:00:00Z,78222.0,78296.328125,78106.03125,78162.867188,0.0
2026-05-03T03:00:00Z,78151.289062,78213.289062,78103.75,78196.023438,0.0
2026-05-03T04:00:00Z,78192.523438,78230.601562,78107.273438,78164.859375,0.0
2026-05-03T05:00:00Z,78149.492188,78252.742188,78149.492188,78239.859375,0.0
2026-05-03T06:00:00Z,78234.851562,78335.960938,78074.976562,78281.171875,0.0
2026-05-03T07:00:00Z,78288.34375,78444.757812,78282.5,78357.632812,62702592.0
2026-05-03T08:00:00Z,78357.632812,78482.257812,78357.210938,78379.390625,0.0
2026-05-03T09:00:00Z,78390.453125,78599.992188,78337.921875,78532.4375,137833472.0
2026-05-03T10:00:00Z,78526.023438,78528.421875,78400.15625,78404.773438,6814720.0
2026-05-03T11:00:00Z,78394.5625,78834.0,78379.382812,78656.859375,305209344.0
2026-05-03T12:00:00Z,78666.453125,78873.0,78666.453125,78746.132812,355499008.0
2026-05-03T13:00:00Z,78749.601562,78768.039062,78581.539062,78652.726562,0.0
2026-05-03T14:00:00Z,78661.632812,78776.992188,78600.023438,78719.992188,426572800.0
2026-05-03T15:00:00Z,78721.859375,78800.0,78620.820312,78656.84375,209195008.0
2026-05-03T16:00:00Z,78656.84375,78772.25,78580.28125,78650.53125,0.0
2026-05-03T17:00:00Z,78642.351562,78816.546875,78570.0,78721.359375,301377536.0
2026-05-03T18:00:00Z,78728.84375,78753.6875,78625.046875,78732.28125,0.0
2026-05-03T19:00:00Z,78732.273438,78842.078125,78666.5625,78753.171875,794668032.0
2026-05-03T20:00:00Z,78746.140625,79225.273438,78720.476562,78920.4375,972775424.0
2026-05-03T21:00:00Z,78922.59375,79057.539062,78655.992188,78822.53125,0.0
2026-05-03T22:00:00Z,78869.296875,79428.601562,78838.507812,79170.75,1317132288.0
2026-05-03T23:00:00Z,79162.546875,79285.929688,78488.679688,78558.882812,958326784.0
2026-05-04T00:00:00Z,78546.0625,78560.257812,78274.921875,78537.429688,521918464.0
2026-05-04T01:00:00Z,78543.53125,79772.953125,78403.570312,79756.453125,684986368.0
2026-05-04T02:00:00Z,79847.992188,80399.992188,79542.703125,80171.726562,4763453440.0
2026-05-04T03:00:00Z,80172.296875,80404.148438,79912.351562,80308.609375,1897148416.0
2026-05-04T04:00:00Z,80325.5,80600.0,80224.703125,80320.453125,2451281920.0
2026-05-04T05:00:00Z,80327.867188,80393.90625,79957.148438,80013.570312,1487013888.0
2026-05-04T06:00:00Z,80003.507812,80038.257812,79477.3125,79859.632812,1301686272.0
2026-05-04T07:00:00Z,79853.71875,79933.296875,79661.453125,79685.78125,652109824.0
2026-05-04T08:00:00Z,79673.28125,79788.992188,79582.3125,79692.820312,970659840.0
2026-05-04T09:00:00Z,79684.398438,79909.023438,79626.03125,79817.5,346071040.0
2026-05-04T10:00:00Z,79861.523438,79861.523438,78217.898438,78935.210938,5928157184.0
2026-05-04T11:00:00Z,78925.257812,79128.53125,78694.46875,78782.953125,793022464.0
2026-05-04T12:00:00Z,78780.0,79020.132812,78706.0,78852.039062,204304384.0
2026-05-04T13:00:00Z,78809.5,79108.492188,78574.671875,78774.726562,1260236800.0
2026-05-04T14:00:00Z,78780.03125,80532.710938,78491.0,80229.578125,2607038464.0
2026-05-04T15:00:00Z,80225.820312,80377.492188,79355.03125,80038.3125,4437479424.0
2026-05-04T16:00:00Z,80027.21875,80408.609375,79615.171875,80027.507812,2748063744.0
2026-05-04T17:00:00Z,80049.460938,80740.4375,80028.070312,80381.53125,1107513344.0
2026-05-04T18:00:00Z,80409.007812,80434.789062,80023.867188,80108.898438,1315532800.0
2026-05-04T19:00:00Z,80101.570312,80137.007812,79880.5,80049.570312,414932992.0
2026-05-04T20:00:00Z,80015.0,80162.0,79891.640625,79935.828125,0.0
2026-05-04T21:00:00Z,79950.476562,80358.960938,79950.476562,80260.070312,0.0
2026-05-04T22:00:00Z,80243.289062,80393.5625,80039.359375,80059.6875,0.0
2026-05-04T23:00:00Z,80047.242188,80047.242188,79738.796875,79841.117188,1425408.0
2026-05-05T00:00:00Z,79852.359375,80181.9375,79789.5,80163.992188,0.0
2026-05-05T01:00:00Z,80174.5,80377.71875,80066.289062,80345.992188,0.0
2026-05-05T02:00:00Z,80337.1875,80897.007812,80298.859375,80547.742188,0.0
2026-05-05T03:00:00Z,80549.96875,81077.632812,80448.046875,80882.140625,0.0
2026-05-05T04:00:00Z,80891.992188,80966.0,80717.867188,80900.320312,0.0
2026-05-05T05:00:00Z,80885.0,81304.171875,80829.023438,80965.546875,0.0
2026-05-05T06:00:00Z,80975.992188,81007.5,80787.617188,80968.992188,0.0
2026-05-05T07:00:00Z,80968.992188,81134.179688,80831.171875,80863.140625,327839744.0
2026-05-05T08:00:00Z,80848.726562,80889.453125,80717.976562,80817.96875,64311296.0
2026-05-05T09:00:00Z,80813.0,80813.0,80520.953125,80585.84375,392527872.0
2026-05-05T10:00:00Z,80573.773438,80847.039062,80520.0,80833.703125,0.0
2026-05-05T11:00:00Z,80844.0,81113.710938,80790.0,81024.9375,0.0
2026-05-05T12:00:00Z,81020.523438,81328.210938,80934.890625,81284.007812,414920704.0
2026-05-05T13:00:00Z,81284.671875,81713.039062,81205.0,81343.179688,1885220864.0
2026-05-05T14:00:00Z,81338.820312,81503.96875,80954.546875,81342.226562,0.0
2026-05-05T15:00:00Z,81329.53125,81710.09375,81237.328125,81553.679688,0.0
2026-05-05T16:00:00Z,81606.007812,81619.34375,81056.210938,81297.921875,0.0
2026-05-05T17:00:00Z,81278.507812,81464.578125,81200.640625,81276.710938,0.0
2026-05-05T18:00:00Z,81286.570312,81607.0,81286.570312,81519.132812,0.0
2026-05-05T19:00:00Z,81519.132812,81696.0,81413.070312,81617.726562,0.0
2026-05-05T20:00:00Z,81610.179688,81768.101562,81526.0,81644.03125,441286656.0
2026-05-05T21:00:00Z,81650.007812,81770.453125,81307.992188,81410.039062,538083328.0
2026-05-05T22:00:00Z,81486.023438,81612.578125,80839.351562,81116.9375,962576384.0
2026-05-05T23:00:00Z,81113.101562,81215.992188,80792.203125,80907.726562,349544448.0
2026-05-06T00:00:00Z,80884.8125,81244.84375,80725.289062,81014.921875,470372352.0
2026-05-06T01:00:00Z,81011.0625,81488.820312,80973.71875,81428.976562,429518848.0
2026-05-06T02:00:00Z,81437.3125,81437.3125,81036.90625,81355.492188,0.0
2026-05-06T03:00:00Z,81358.523438,81743.328125,81349.453125,81576.257812,0.0
2026-05-06T04:00:00Z,81579.171875,81634.796875,81265.632812,81331.046875,0.0
2026-05-06T05:00:00Z,81316.117188,81336.0,81054.28125,81319.140625,0.0
2026-05-06T06:00:00Z,81306.976562,81517.898438,81202.796875,81472.953125,198524928.0
2026-05-06T07:00:00Z,81497.90625,81606.0,81306.0,81370.0,0.0
2026-05-06T08:00:00Z,81350.828125,81984.0,81318.101562,81956.6875,832966656.0
2026-05-06T09:00:00Z,81966.84375,82059.851562,81685.429688,81998.40625,1236283392.0
2026-05-06T10:00:00Z,82022.429688,82382.09375,81965.257812,82285.273438,1085046784.0
2026-05-06T11:00:00Z,82261.710938,82814.21875,82261.710938,82522.03125,1632116736.0
2026-05-06T12:00:00Z,82512.539062,82535.96875,82157.242188,82223.59375,342368256.0
2026-05-06T13:00:00Z,82196.570312,82209.921875,81607.953125,81666.070312,0.0
2026-05-06T14:00:00Z,81658.929688,81962.851562,81137.640625,81515.429688,1121538048.0
2026-05-06T15:00:00Z,81534.992188,81809.351562,81300.0,81699.078125,174989312.0
2026-05-06T16:00:00Z,81705.289062,81863.601562,81419.46875,81622.382812,0.0
2026-05-06T17:00:00Z,81615.46875,81706.703125,81375.007812,81447.898438,229330944.0
2026-05-06T18:00:00Z,81456.3125,81554.539062,81269.039062,81347.828125,278974464.0
2026-05-06T19:00:00Z,81353.367188,81510.0,81190.867188,81461.601562,48132096.0
2026-05-06T20:00:00Z,81463.398438,81705.328125,81302.820312,81425.898438,0.0
2026-05-06T21:00:00Z,81434.820312,81625.21875,81304.53125,81542.007812,0.0
2026-05-06T22:00:00Z,81534.828125,81534.828125,81234.007812,81339.671875,0.0
2026-05-06T23:00:00Z,81328.5,81447.8125,81005.992188,81438.109375,0.0
2026-05-07T00:00:00Z,81416.398438,81482.976562,80996.007812,81014.226562,0.0
2026-05-07T01:00:00Z,81022.046875,81280.0,80893.5,81174.359375,0.0
2026-05-07T02:00:00Z,81165.679688,81165.679688,80890.242188,81118.601562,148107264.0
2026-05-07T03:00:00Z,81086.992188,81108.25,80830.859375,80841.992188,0.0
2026-05-07T04:00:00Z,80845.382812,80983.226562,80756.351562,80974.007812,0.0
2026-05-07T05:00:00Z,80973.976562,81162.5,80958.023438,81086.992188,0.0
2026-05-07T06:00:00Z,81075.632812,81443.132812,80879.148438,81443.132812,0.0
2026-05-07T07:00:00Z,81442.226562,81708.0625,81392.632812,81517.796875,318640128.0
2026-05-07T08:00:00Z,81521.453125,81591.898438,81194.15625,81211.492188,0.0
2026-05-07T09:00:00Z,81220.0,81220.0,80843.5625,80914.5,0.0
2026-05-07T10:00:00Z,80900.0,80982.710938,80564.140625,80837.117188,0.0
2026-05-07T11:00:00Z,80851.726562,81034.0,80780.34375,80857.34375,0.0
2026-05-07T12:00:00Z,80844.398438,81192.460938,80825.101562,81160.851562,0.0
2026-05-07T13:00:00Z,81146.523438,81170.609375,80256.40625,80492.65625,0.0
2026-05-07T14:00:00Z,80502.226562,80684.953125,80027.960938,80154.820312,0.0
2026-05-07T15:00:00Z,80129.679688,80267.320312,79733.640625,79868.429688,1249581056.0
2026-05-07T16:00:00Z,79865.25,80003.710938,79692.0,79778.453125,1029238784.0
2026-05-07T17:00:00Z,79787.0,80126.90625,79493.0625,80091.179688,508534784.0
2026-05-07T18:00:00Z,80083.648438,80282.0,79999.171875,80203.757812,233508864.0
2026-05-07T19:00:00Z,80185.007812,80216.96875,79920.007812,80124.5,146276352.0
2026-05-07T20:00:00Z,80161.992188,80330.679688,79848.882812,79873.28125,0.0
2026-05-07T21:00:00Z,79876.140625,79922.289062,79643.773438,79723.28125,261349376.0
2026-05-07T22:00:00Z,79695.976562,79978.070312,79573.296875,79907.390625,413900800.0
2026-05-07T23:00:00Z,79882.34375,80059.5,79857.960938,79996.28125,14422016.0
2026-05-08T00:00:00Z,80027.992188,80124.5,79739.882812,79821.476562,0.0
2026-05-08T01:00:00Z,79843.570312,79888.179688,79612.5625,79642.898438,0.0
2026-05-08T03:00:00Z,79248.484375,79614.203125,79248.484375,79549.882812,2175139840.0
2026-05-08T04:00:00Z,79552.476562,79706.40625,79531.273438,79644.078125,0.0
2026-05-08T05:00:00Z,79633.007812,79738.46875,79581.25,79624.617188,0.0
2026-05-08T06:00:00Z,79589.03125,79625.015625,79412.039062,79469.921875,528748544.0
2026-05-08T07:00:00Z,79480.085938,79699.773438,79245.367188,79637.539062,429527040.0
2026-05-08T08:00:00Z,79642.703125,79956.351562,79642.703125,79928.945312,233136128.0
2026-05-08T09:00:00Z,79876.484375,80005.648438,79788.976562,79850.601562,0.0
2026-05-08T10:00:00Z,79860.265625,80208.695312,79789.21875,80208.25,0.0
2026-05-08T11:00:00Z,80205.53125,80303.6875,80134.101562,80224.609375,438759424.0
2026-05-08T12:00:00Z,80220.726562,80460.75,79961.578125,80020.046875,367104000.0
2026-05-08T13:00:00Z,80024.773438,80093.09375,79525.53125,79599.117188,0.0
2026-05-08T14:00:00Z,79633.039062,80391.070312,79632.039062,80134.421875,0.0
2026-05-08T15:00:00Z,80132.148438,80187.5625,79602.40625,80124.25,0.0
2026-05-08T16:00:00Z,80150.320312,80165.320312,79720.796875,79777.039062,0.0
2026-05-08T17:00:00Z,79761.992188,80259.742188,79716.296875,80046.859375,157646848.0
2026-05-08T18:00:00Z,80063.84375,80294.75,80063.84375,80075.679688,92106752.0
2026-05-08T19:00:00Z,80066.5,80128.210938,79962.960938,80101.3125,0.0
2026-05-08T20:00:00Z,80121.367188,80284.078125,80077.703125,80129.0625,0.0
2026-05-08T21:00:00Z,80147.742188,80261.359375,80104.703125,80258.171875,116869120.0
2026-05-08T22:00:00Z,80227.703125,80418.789062,80227.703125,80270.117188,0.0
2026-05-08T23:00:00Z,80265.351562,80289.117188,80100.257812,80188.820312,419674112.0
2026-05-09T00:00:00Z,80188.382812,80238.0,80116.976562,80230.226562,0.0
2026-05-09T01:00:00Z,80219.5,80436.226562,80219.5,80318.257812,0.0
2026-05-09T02:00:00Z,80321.09375,80472.351562,80321.09375,80407.296875,0.0
2026-05-09T03:00:00Z,80410.632812,80518.632812,80305.0,80380.296875,0.0
2026-05-09T04:00:00Z,80385.0625,80647.101562,80366.140625,80385.0625,25501696.0
2026-05-09T05:00:00Z,80383.851562,80480.992188,80345.929688,80374.0,0.0
2026-05-09T06:00:00Z,80374.0,80425.578125,80190.132812,80248.132812,0.0
2026-05-09T07:00:00Z,80250.953125,80296.609375,80133.59375,80214.859375,0.0
2026-05-09T08:00:00Z,80214.867188,80434.617188,80204.46875,80399.992188,0.0
2026-05-09T09:00:00Z,80400.0,80406.132812,80200.007812,80236.742188,0.0
2026-05-09T10:00:00Z,80236.742188,80330.890625,80160.0,80259.320312,0.0
2026-05-09T11:00:00Z,80249.609375,80365.960938,80241.726562,80330.5,0.0
2026-05-09T12:00:00Z,80315.96875,80411.21875,80257.65625,80400.007812,0.0
2026-05-09T13:00:00Z,80393.59375,80422.789062,80306.796875,80391.53125,0.0
2026-05-09T14:00:00Z,80391.523438,80416.25,80241.382812,80325.34375,0.0
2026-05-09T15:00:00Z,80314.21875,80590.492188,80220.796875,80523.953125,0.0
2026-05-09T16:00:00Z,80556.21875,80761.1875,80478.382812,80609.296875,0.0
2026-05-09T17:00:00Z,80609.296875,80906.742188,80609.296875,80795.453125,0.0
2026-05-09T18:00:00Z,80815.429688,81061.960938,80773.703125,80898.40625,0.0
2026-05-09T19:00:00Z,80905.242188,80950.71875,80769.0,80933.4375,0.0
2026-05-09T20:00:00Z,80939.007812,80939.007812,80731.203125,80797.421875,0.0
2026-05-09T21:00:00Z,80808.742188,80882.546875,80732.0,80767.34375,0.0
2026-05-09T22:00:00Z,80767.34375,80812.476562,80661.0,80757.0,0.0
2026-05-09T23:00:00Z,80743.257812,80829.859375,80605.976562,80658.976562,0.0
2026-05-10T00:00:00Z,80653.460938,80758.296875,80609.742188,80658.960938,22407168.0
2026-05-10T01:00:00Z,80658.960938,80675.210938,80552.726562,80664.0,0.0
2026-05-10T02:00:00Z,80659.9375,80774.703125,80586.726562,80765.023438,0.0
2026-05-10T03:00:00Z,80759.453125,80871.671875,80693.820312,80752.226562,0.0
2026-05-10T04:00:00Z,80757.460938,80830.539062,80716.070312,80747.117188,0.0
2026-05-10T05:00:00Z,80739.007812,80801.40625,80673.632812,80679.992188,0.0
2026-05-10T06:00:00Z,80684.101562,80748.0,80635.742188,80724.0625,0.0
2026-05-10T07:00:00Z,80731.539062,80794.0,80713.148438,80725.851562,0.0
2026-05-10T08:00:00Z,80722.960938,80891.867188,80704.8125,80818.992188,0.0
2026-05-10T09:00:00Z,80827.523438,80896.75,80734.226562,80794.023438,0.0
2026-05-10T10:00:00Z,80794.03125,80871.398438,80676.0,80848.0625,70102016.0
2026-05-10T11:00:00Z,80859.9375,80956.773438,80737.21875,80790.007812,156567552.0
2026-05-10T12:00:00Z,80795.992188,80942.0,80765.382812,80929.828125,0.0
2026-05-10T13:00:00Z,80921.34375,80998.992188,80853.5,80962.328125,12219392.0
2026-05-10T14:00:00Z,80954.023438,80993.109375,80800.03125,80988.492188,84151296.0
2026-05-10T15:00:00Z,80987.757812,81420.0,80922.140625,81404.640625,697543680.0
2026-05-10T16:00:00Z,81415.421875,81489.25,81175.679688,81357.273438,486647808.0
2026-05-10T17:00:00Z,81360.0,81567.976562,81207.25,81471.421875,361115648.0
2026-05-10T18:00:00Z,81474.78125,81486.53125,81210.867188,81268.5625,478963712.0
2026-05-10T19:00:00Z,81265.539062,81475.992188,81144.0,81425.140625,275552256.0
2026-05-10T20:00:00Z,81435.0,81447.5625,80295.101562,80724.0,1811384320.0
2026-05-10T21:00:00Z,80712.953125,80936.46875,80571.6875,80702.609375,874268672.0
2026-05-10T22:00:00Z,80665.0,82147.976562,80665.0,82034.53125,2956120064.0
2026-05-10T23:00:00Z,82068.789062,82448.0,82067.617188,82199.992188,2202535936.0
2026-05-11T00:00:00Z,82218.15625,82335.53125,81276.476562,81462.640625,1581203456.0
2026-05-11T01:00:00Z,81468.65625,81719.75,81268.789062,81483.71875,864929792.0
2026-05-11T02:00:00Z,81498.757812,81546.921875,81100.882812,81158.617188,122085376.0
2026-05-11T03:00:00Z,81158.617188,81164.328125,80508.46875,80721.757812,1743525888.0
2026-05-11T04:00:00Z,80704.117188,80854.53125,80619.84375,80798.0,289626112.0
2026-05-11T05:00:00Z,80794.9375,80959.046875,80738.140625,80809.992188,141926400.0
2026-05-11T06:00:00Z,80800.4375,81025.46875,80743.5,80814.078125,519299072.0
2026-05-11T07:00:00Z,80810.882812,80820.0,80665.289062,80721.78125,559378432.0
2026-05-11T08:00:00Z,80707.132812,80846.460938,80595.351562,80754.851562,385521664.0
2026-05-11T09:00:00Z,80734.0,80987.632812,80734.0,80944.648438,247339008.0
2026-05-11T10:00:00Z,80965.0,81187.007812,80927.28125,80927.28125,425041920.0
2026-05-11T11:00:00Z,80927.273438,81185.992188,80896.492188,81185.992188,124577792.0
2026-05-11T12:00:00Z,81193.476562,81337.328125,81007.90625,81027.976562,421584896.0
2026-05-11T13:00:00Z,81037.351562,81311.5,80734.507812,81041.367188,1015132160.0
2026-05-11T14:00:00Z,81029.007812,81222.179688,80453.9375,80908.867188,949366784.0
2026-05-11T15:00:00Z,80913.117188,81431.25,80789.757812,81422.953125,140636160.0
2026-05-11T16:00:00Z,81429.179688,81899.367188,81319.929688,81562.703125,406462464.0
2026-05-11T17:00:00Z,81555.117188,82024.0,81348.84375,81931.601562,796422144.0
2026-05-11T18:00:00Z,81913.023438,82131.171875,81821.320312,81843.320312,460042240.0
2026-05-11T19:00:00Z,81852.40625,82084.1875,81722.132812,81955.429688,384733184.0
2026-05-11T20:00:00Z,81969.28125,82068.632812,81748.992188,81812.203125,0.0
2026-05-11T21:00:00Z,81812.203125,81898.046875,81580.0,81812.460938,0.0
2026-05-11T22:00:00Z,81831.203125,81955.429688,81715.539062,81813.03125,0.0
2026-05-11T23:00:00Z,81791.828125,81806.960938,81606.46875,81727.0625,2289664.0
2026-05-12T00:00:00Z,81715.28125,81770.617188,81462.390625,81528.203125,0.0
2026-05-12T01:00:00Z,81528.171875,81603.953125,80697.992188,81176.726562,313991168.0
2026-05-12T02:00:00Z,81167.109375,81318.0,81075.1875,81235.039062,0.0
2026-05-12T03:00:00Z,81235.039062,81272.789062,81001.203125,81036.007812,0.0
2026-05-12T04:00:00Z,81020.148438,81282.0,80972.046875,81203.976562,0.0
2026-05-12T05:00:00Z,81205.601562,81288.828125,81165.03125,81200.007812,0.0
2026-05-12T06:00:00Z,81194.90625,81282.78125,80981.820312,80997.039062,2777088.0
2026-05-12T07:00:00Z,80978.210938,81106.132812,80819.148438,80829.9375,630417408.0
2026-05-12T08:00:00Z,80815.960938,80934.039062,80733.0625,80918.0,500649984.0
