ts,open,high,low,close,volume,wap,count
2024-05-13T00:00:00+00:00,521.2,522.73,519.74,520.79,725792.975,521.083,156729
2024-05-14T00:00:00+00:00,521.03,523.83,518.18,523.6,1009684.65,522.36,201808
2024-05-15T00:00:00+00:00,523.5,530.31,523.12,530.18,1170237.25,528.107,239954
2024-05-16T00:00:00+00:00,530.8,531.53,528.24,528.71,946705.9,529.913,191866
2024-05-17T00:00:00+00:00,528.8,529.71,527.32,529.6,875452.9,528.811,171107
2024-05-20T00:00:00+00:00,529.82,531.57,529.17,529.9,683475.325,530.355,126274
2024-05-21T00:00:00+00:00,530.12,531.52,529.07,531.4,568981.575,530.503,109401
2024-05-22T00:00:00+00:00,531.11,531.54,527.6,531.0,835382.925,529.65,148396
2024-05-23T00:00:00+00:00,532.0,534.0,524.72,526.1,1065949.9,528.035,186964
2024-05-24T00:00:00+00:00,526.64,530.27,526.16,529.38,723231.4,528.986,136164
2024-05-28T00:00:00+00:00,530.28,531.24,527.11,529.27,666798.075,529.295,124106
2024-05-29T00:00:00+00:00,527.7,529.0,523.77,524.12,790453.975,526.302,145238
2024-05-30T00:00:00+00:00,523.5,525.2,521.33,521.82,811348.725,523.515,153208
2024-05-31T00:00:00+00:00,521.98,528.36,518.36,528.22,1541978.4,523.605,251844
2024-06-03T00:00:00+00:00,527.42,529.31,522.6,527.53,884518.2,526.65,166976
2024-06-04T00:00:00+00:00,526.81,529.17,524.27,529.1,702836.675,527.086,136719
2024-06-05T00:00:00+00:00,528.91,535.19,528.72,534.98,851286.1,532.504,173306
2024-06-06T00:00:00+00:00,534.67,535.42,532.68,534.49,598732.425,534.353,117017
2024-06-07T00:00:00+00:00,535.0,536.89,531.3,533.35,756409.175,534.483,138303
2024-06-10T00:00:00+00:00,533.49,535.99,532.5,535.15,702266.45,534.739,133151
2024-06-11T00:00:00+00:00,535.92,537.21,532.05,537.03,668637.95,535.061,132696
2024-06-12T00:00:00+00:00,537.26,544.12,536.95,542.23,1114390.575,542.146,207879
2024-06-13T00:00:00+00:00,542.55,544.03,539.59,542.5,721862.0,541.945,133777
2024-06-14T00:00:00+00:00,542.53,543.16,538.87,542.85,739525.075,541.64,132233
2024-06-17T00:00:00+00:00,542.55,548.53,541.6,547.54,879792.075,545.907,164857
2024-06-18T00:00:00+00:00,546.88,548.98,546.61,548.8,622685.3,547.887,115578
2024-06-20T00:00:00+00:00,550.12,551.12,545.18,547.17,962789.4,547.566,195394
2024-06-21T00:00:00+00:00,544.93,546.09,543.02,544.36,947418.725,544.458,157443
2024-06-24T00:00:00+00:00,545.12,546.95,542.21,543.08,786815.525,544.334,147028
2024-06-25T00:00:00+00:00,542.69,545.2,542.44,544.69,631990.275,544.156,112454
2024-06-26T00:00:00+00:00,546.19,546.55,543.03,543.98,629632.725,544.684,124591
2024-06-27T00:00:00+00:00,544.7,547.19,543.92,547.08,600050.95,545.795,125630
2024-06-28T00:00:00+00:00,547.78,550.28,542.95,545.12,1232311.0,546.062,236798
2024-07-01T00:00:00+00:00,544.85,546.02,542.52,544.9,739900.5,544.762,142494
2024-07-02T00:00:00+00:00,543.98,549.01,542.44,548.26,650019.55,546.908,124247
2024-07-03T00:00:00+00:00,548.71,551.83,548.27,551.14,528702.45,550.397,99026
2024-07-05T00:00:00+00:00,551.95,555.05,551.0,554.12,688186.15,553.627,127143
2024-07-08T00:00:00+00:00,553.85,556.45,553.75,556.4,569567.35,555.165,102128
2024-07-09T00:00:00+00:00,556.34,557.18,555.52,556.01,503037.625,556.165,102024
2024-07-10T00:00:00+00:00,556.27,561.67,555.95,561.05,673940.45,559.419,122443
2024-07-11T00:00:00+00:00,561.1,563.52,555.83,556.43,978051.225,558.077,175366
2024-07-12T00:00:00+00:00,557.09,563.67,555.19,559.77,938889.975,560.664,164993
2024-07-15T00:00:00+00:00,560.93,564.84,559.63,562.22,767287.825,562.076,141625
2024-07-16T00:00:00+00:00,561.5,565.39,560.51,564.4,655645.225,563.695,122754
2024-07-17T00:00:00+00:00,562.5,564.18,556.42,558.08,934113.425,558.072,173033
2024-07-18T00:00:00+00:00,558.27,559.52,550.43,553.6,1068687.55,554.102,193286
2024-07-19T00:00:00+00:00,551.62,554.33,547.91,549.05,930790.425,549.922,170974
2024-07-22T00:00:00+00:00,550.51,555.27,550.17,554.28,758073.025,553.616,134477
2024-07-23T00:00:00+00:00,553.02,556.74,551.25,551.34,589150.825,554.845,100880
2024-07-24T00:00:00+00:00,549.9,550.9,540.29,542.46,1204404.0,543.738,214741
2024-07-25T00:00:00+00:00,541.88,547.46,537.45,539.33,1203828.525,541.584,232165
2024-07-26T00:00:00+00:00,541.5,547.19,540.6,544.27,1008640.95,544.062,196810
2024-07-29T00:00:00+00:00,545.24,547.91,542.72,543.45,665494.425,545.296,128315
2024-07-30T00:00:00+00:00,545.05,547.34,537.97,542.72,854503.05,542.353,166776
2024-07-31T00:00:00+00:00,544.98,553.64,543.9,553.46,1225658.4,550.57,217622
2024-08-01T00:00:00+00:00,552.26,554.87,539.43,541.11,1400574.575,544.821,265430
2024-08-02T00:00:00+00:00,538.9,539.92,528.6,531.25,1540430.675,531.975,307994
2024-08-05T00:00:00+00:00,523.78,524.5,507.83,522.92,2746869.65,517.025,536801
2024-08-06T00:00:00+00:00,523.91,529.75,517.87,519.94,1523686.65,524.168,287464
2024-08-07T00:00:00+00:00,524.05,531.59,514.14,515.95,1380969.225,523.709,260781
2024-08-08T00:00:00+00:00,516.59,532.07,516.26,531.59,1207579.375,527.962,241602
2024-08-09T00:00:00+00:00,531.69,534.51,528.09,532.99,874233.35,531.699,166083
2024-08-12T00:00:00+00:00,533.5,535.73,530.95,533.28,803504.125,533.232,159383
2024-08-13T00:00:00+00:00,535.12,542.28,533.29,541.94,885981.65,539.9,163978
2024-08-14T00:00:00+00:00,542.04,544.96,540.12,543.73,794502.375,543.1,149151
2024-08-15T00:00:00+00:00,545.37,554.0,543.5,553.55,1128798.35,551.591,205198
2024-08-16T00:00:00+00:00,553.87,555.02,550.13,553.9,642314.45,553.47,118046
2024-08-19T00:00:00+00:00,554.15,559.64,553.24,559.31,705743.95,557.3,131503
2024-08-20T00:00:00+00:00,560.0,560.84,557.32,558.54,628987.525,558.858,119242
2024-08-21T00:00:00+00:00,559.0,562.11,557.99,561.17,709926.65,560.219,134972
2024-08-22T00:00:00+00:00,561.01,563.18,554.98,557.17,879550.875,558.006,168182
2024-08-23T00:00:00+00:00,558.13,563.09,557.29,562.29,934203.75,560.894,192609
2024-08-26T00:00:00+00:00,562.13,563.91,559.05,560.29,641204.725,561.117,126330
2024-08-27T00:00:00+00:00,561.03,562.06,558.32,560.76,562668.0,560.972,113099
2024-08-28T00:00:00+00:00,561.19,562.25,553.38,554.46,708236.3,558.251,135706
2024-08-29T00:00:00+00:00,557.22,563.68,556.38,558.86,741236.825,560.286,152468
2024-08-30T00:00:00+00:00,560.76,564.2,557.14,563.45,1112156.075,561.644,180378
2024-09-03T00:00:00+00:00,563.5,564.22,549.51,551.0,1049976.35,554.544,209339
2024-09-04T00:00:00+00:00,550.13,554.43,548.66,550.28,890957.35,551.478,163759
2024-09-05T00:00:00+00:00,551.94,553.8,547.1,549.05,849939.15,549.846,168133
2024-09-06T00:00:00+00:00,547.0,551.6,537.86,538.8,1273939.825,542.67,247860
2024-09-09T00:00:00+00:00,542.72,547.71,541.97,547.13,752706.95,545.538,151054
2024-09-10T00:00:00+00:00,547.08,549.15,543.38,548.3,741412.225,547.213,142418
2024-09-11T00:00:00+00:00,546.52,555.36,539.96,554.31,1292912.875,548.1,252267
2024-09-12T00:00:00+00:00,554.87,559.54,552.74,559.24,882790.275,557.058,178232
2024-09-13T00:00:00+00:00,559.38,563.03,559.23,561.65,700284.0,561.666,136990
2024-09-16T00:00:00+00:00,562.21,563.11,559.9,562.44,602922.5,561.79,118182
2024-09-17T00:00:00+00:00,563.3,566.58,560.79,563.46,823429.4,563.582,156166
2024-09-18T00:00:00+00:00,563.27,568.69,560.83,565.0,1032939.95,563.657,215290
2024-09-19T00:00:00+00:00,567.22,572.88,566.22,570.25,1148339.35,570.923,214492
2024-09-20T00:00:00+00:00,568.99,569.31,565.17,568.15,1011016.525,567.59,179335
2024-09-23T00:00:00+00:00,569.19,570.34,567.0,569.3,645620.25,569.328,112791
2024-09-24T00:00:00+00:00,570.22,571.41,567.6,571.22,809166.0,570.281,136133
2024-09-25T00:00:00+00:00,570.4,571.89,568.91,570.94,687637.25,570.388,134176
2024-09-26T00:00:00+00:00,573.72,575.0,569.9,572.4,739355.1,572.348,153913
2024-09-27T00:00:00+00:00,571.44,574.22,570.42,570.67,668166.975,572.266,127995
2024-09-30T00:00:00+00:00,571.5,574.38,568.08,573.24,998530.275,571.986,180079
2024-10-01T00:00:00+00:00,573.5,574.38,566.0,567.76,1332341.075,568.691,280894
2024-10-02T00:00:00+00:00,567.59,570.1,565.27,569.75,632828.925,568.446,132037
2024-10-03T00:00:00+00:00,567.78,569.81,565.49,567.8,744621.725,567.373,141710
2024-10-04T00:00:00+00:00,568.73,573.36,567.55,572.31,822751.55,571.087,157613
2024-10-07T00:00:00+00:00,571.78,572.55,565.8,567.7,796722.625,569.207,151643
2024-10-08T00:00:00+00:00,568.09,573.78,567.07,572.68,682659.175,571.928,133744
2024-10-09T00:00:00+00:00,571.8,577.71,571.52,577.0,698824.325,575.932,126850
2024-10-10T00:00:00+00:00,576.37,577.58,574.49,576.77,718876.85,575.94,134778
2024-10-11T00:00:00+00:00,575.68,580.33,575.27,578.61,674060.15,579.058,126210
2024-10-14T00:00:00+00:00,579.34,585.27,579.2,584.71,619732.475,583.601,109452
2024-10-15T00:00:00+00:00,584.4,584.93,578.54,579.86,820816.95,581.231,156703
2024-10-16T00:00:00+00:00,580.14,582.83,578.96,581.54,549382.175,581.284,101084
2024-10-17T00:00:00+00:00,583.0,586.3,581.07,582.9,614784.675,583.482,108216
2024-10-18T00:00:00+00:00,583.0,585.39,582.48,584.72,497907.05,584.227,85762
2024-10-21T00:00:00+00:00,584.28,584.85,580.6,583.61,596250.425,582.945,112930
2024-10-22T00:00:00+00:00,582.78,584.5,580.05,583.07,595528.275,582.639,101235
2024-10-23T00:00:00+00:00,582.9,583.43,574.41,578.56,890171.6,578.144,156222
2024-10-24T00:00:00+00:00,579.72,581.21,576.57,579.36,642584.95,578.998,109561
2024-10-25T00:00:00+00:00,580.1,584.46,577.55,577.95,802655.9,580.921,140089
2024-10-28T00:00:00+00:00,581.22,582.98,580.49,580.73,551615.1,581.397,102671
2024-10-29T00:00:00+00:00,581.19,583.26,578.43,583.05,616474.225,581.368,110464
2024-10-30T00:00:00+00:00,582.89,583.32,577.8,577.9,695531.7,580.975,127349
2024-10-31T00:00:00+00:00,576.78,580.01,568.44,569.4,1026439.175,571.302,188506
2024-11-01T00:00:00+00:00,570.19,575.55,569.37,571.3,770594.3,572.548,144664
2024-11-04T00:00:00+00:00,571.87,573.0,567.89,569.58,595838.275,570.283,112956
2024-11-05T00:00:00+00:00,570.77,579.93,569.93,579.09,652852.1,575.169,129724
2024-11-06T00:00:00+00:00,583.0,591.93,582.5,590.46,1230638.075,589.412,232830
2024-11-07T00:00:00+00:00,591.95,596.65,591.26,595.73,780526.525,594.919,134122
2024-11-08T00:00:00+00:00,596.37,599.64,594.72,598.0,761982.775,597.921,133350
2024-11-11T00:00:00+00:00,599.22,601.0,597.0,598.14,600514.5,598.765,110413
2024-11-12T00:00:00+00:00,598.57,599.29,594.37,596.12,662523.225,597.279,122023
2024-11-13T00:00:00+00:00,596.4,599.23,594.96,597.42,756067.475,597.534,135164
2024-11-14T00:00:00+00:00,597.74,598.26,591.7,591.93,679479.225,594.742,119423
2024-11-15T00:00:00+00:00,590.35,592.23,583.86,586.2,948891.475,586.381,182663
2024-11-18T00:00:00+00:00,587.66,589.49,584.79,588.04,588742.725,587.705,105341
2024-11-19T00:00:00+00:00,588.4,591.74,581.9,591.39,704186.6,588.384,132693
2024-11-20T00:00:00+00:00,591.57,592.03,584.63,588.51,768176.65,588.257,155729
2024-11-21T00:00:00+00:00,588.85,595.12,587.23,592.97,809758.75,592.464,166073
2024-11-22T00:00:00+00:00,593.74,596.75,591.06,596.45,613582.475,595.081,107021
2024-11-25T00:00:00+00:00,598.01,600.86,595.2,595.27,773911.55,597.972,139139
2024-11-26T00:00:00+00:00,597.13,601.33,596.73,601.1,743450.975,600.039,118165
2024-11-27T00:00:00+00:00,600.11,602.03,597.28,599.4,566260.475,599.004,103744
2024-11-29T00:00:00+00:00,599.88,603.35,599.34,603.12,499384.3,602.151,79275
2024-12-02T00:00:00+00:00,601.9,604.32,601.1,603.62,551381.65,603.471,98641
2024-12-03T00:00:00+00:00,604.01,604.6,602.34,604.19,461477.55,603.492,80189
2024-12-04T00:00:00+00:00,604.68,607.91,603.91,606.88,643136.65,606.733,109808
2024-12-05T00:00:00+00:00,607.27,608.48,605.76,606.22,510280.6,607.227,92954
2024-12-06T00:00:00+00:00,606.39,609.07,605.74,607.37,505927.75,607.758,80639
2024-12-09T00:00:00+00:00,608.5,608.52,604.08,604.42,598173.775,605.375,108317
2024-12-10T00:00:00+00:00,604.5,605.8,602.13,603.16,565980.2,603.784,100958
2024-12-11T00:00:00+00:00,603.34,608.44,602.8,606.76,500760.375,607.207,87715
2024-12-12T00:00:00+00:00,606.58,607.16,603.91,605.38,529360.15,605.485,89776
2024-12-13T00:00:00+00:00,606.11,607.16,602.81,603.85,569149.725,604.507,103936
2024-12-16T00:00:00+00:00,604.12,607.88,604.12,605.98,661851.025,606.766,110588
2024-12-17T00:00:00+00:00,605.35,606.46,602.87,604.09,825193.925,604.087,143223
2024-12-18T00:00:00+00:00,604.89,606.41,583.16,587.82,1724539.625,594.15,308136
2024-12-19T00:00:00+00:00,588.61,593.0,584.14,584.31,1334119.325,588.61,251382
2024-12-20T00:00:00+00:00,581.98,595.75,577.74,592.12,1841056.55,590.005,314077
2024-12-23T00:00:00+00:00,593.58,595.3,587.66,594.65,904615.8,592.936,146349
2024-12-24T00:00:00+00:00,595.05,602.2,594.5,601.1,492572.25,599.447,78538
2024-12-26T00:00:00+00:00,600.5,602.48,598.08,600.41,636721.7,601.013,92187
2024-12-27T00:00:00+00:00,599.25,600.59,590.76,595.03,1010819.1,594.157,178028
2024-12-30T00:00:00+00:00,593.45,593.95,584.41,587.3,796863.375,588.37,157376
2024-12-31T00:00:00+00:00,587.5,590.99,584.42,586.51,994232.425,586.659,177384
2025-01-02T00:00:00+00:00,588.22,592.06,580.5,585.86,916885.625,585.2,197163
2025-01-03T00:00:00+00:00,586.0,592.6,585.4,592.04,715914.9,590.329,138817
2025-01-06T00:00:00+00:00,593.73,599.7,591.89,595.55,766795.2,596.54,153041
2025-01-07T00:00:00+00:00,595.67,597.75,586.78,589.48,938047.7,590.906,168639
2025-01-08T00:00:00+00:00,589.8,590.84,585.19,588.17,733367.425,588.329,143556
2025-01-10T00:00:00+00:00,588.11,589.61,578.55,579.78,1219304.925,581.524,240492
2025-01-13T00:00:00+00:00,578.23,583.93,575.04,583.2,841034.375,578.943,153008
2025-01-14T00:00:00+00:00,583.98,585.99,578.35,582.65,858153.375,581.997,159627
2025-01-15T00:00:00+00:00,582.11,594.02,582.11,593.66,971355.6,591.931,168364
2025-01-16T00:00:00+00:00,594.75,595.56,590.35,591.51,614420.15,592.606,118120
2025-01-17T00:00:00+00:00,593.4,599.36,592.2,597.69,780059.3,597.697,134691
2025-01-21T00:00:00+00:00,598.27,604.4,597.98,604.36,688252.625,601.706,119103
2025-01-22T00:00:00+00:00,604.71,607.82,604.12,605.87,663689.15,606.701,114856
2025-01-23T00:00:00+00:00,604.85,609.75,604.67,609.02,653418.275,607.774,101549
2025-01-24T00:00:00+00:00,609.16,610.78,606.8,607.49,533813.775,608.516,98543
2025-01-27T00:00:00+00:00,598.78,602.3,589.75,599.17,1115034.75,597.475,227857
2025-01-28T00:00:00+00:00,601.0,605.37,597.25,604.1,719503.125,602.932,138357
2025-01-29T00:00:00+00:00,605.96,605.96,599.22,603.06,642586.45,602.003,125595
2025-01-30T00:00:00+00:00,605.0,606.6,600.71,605.89,710480.475,604.103,130025
2025-01-31T00:00:00+00:00,606.27,609.96,598.81,598.98,1105904.75,604.763,203471
2025-02-03T00:00:00+00:00,593.91,602.05,589.5,600.44,1226025.95,596.498,230590
2025-02-04T00:00:00+00:00,596.78,602.3,594.49,600.4,628884.225,600.731,113409
2025-02-05T00:00:00+00:00,598.43,605.07,597.66,604.74,534864.5,602.277,100792
2025-02-06T00:00:00+00:00,605.59,606.47,602.63,605.99,623275.175,605.278,108307
2025-02-07T00:00:00+00:00,605.6,608.13,600.05,600.23,833524.55,602.809,168095
2025-02-10T00:00:00+00:00,602.35,605.5,602.25,603.98,459580.825,604.473,85824
2025-02-11T00:00:00+00:00,603.2,605.86,601.91,605.31,491508.025,604.528,89966
2025-02-12T00:00:00+00:00,604.89,605.72,598.23,604.59,714871.275,602.18,131571
2025-02-13T00:00:00+00:00,602.44,609.94,601.65,609.65,763666.375,607.559,146570
2025-02-14T00:00:00+00:00,609.97,611.02,608.62,609.78,457551.25,610.06,92831
2025-02-18T00:00:00+00:00,610.77,612.31,608.38,611.95,477183.8,610.198,90382
2025-02-19T00:00:00+00:00,611.75,613.23,609.56,612.3,477686.65,611.743,90107
2025-02-20T00:00:00+00:00,611.45,612.15,607.02,610.39,594736.95,609.243,108424
2025-02-21T00:00:00+00:00,610.3,611.17,599.47,600.24,1035480.625,603.034,183958
2025-02-24T00:00:00+00:00,601.74,603.78,596.49,598.03,878908.275,599.08,165952
2025-02-25T00:00:00+00:00,595.95,598.22,589.56,596.0,956390.425,593.877,195542
2025-02-26T00:00:00+00:00,596.77,600.0,591.85,593.66,772476.125,595.665,153432
2025-02-27T00:00:00+00:00,597.61,598.68,584.65,584.89,1200016.325,590.576,234639
2025-02-28T00:00:00+00:00,586.1,594.72,582.44,594.3,1476574.45,588.49,272577
2025-03-03T00:00:00+00:00,593.88,597.63,579.9,585.4,1345363.7,587.833,275214
2025-03-04T00:00:00+00:00,584.63,586.0,572.25,580.43,1746052.075,577.86,359339
2025-03-05T00:00:00+00:00,580.7,584.88,573.07,581.9,1284122.225,579.731,247936
2025-03-06T00:00:00+00:00,581.38,583.05,570.12,574.37,1394049.65,574.046,278431
2025-03-07T00:00:00+00:00,574.34,578.22,565.63,574.71,1476046.525,572.588,291981
2025-03-10T00:00:00+00:00,572.7,574.12,555.59,558.58,1617052.875,562.303,319724
2025-03-11T00:00:00+00:00,561.79,564.02,552.02,557.8,1548202.525,557.687,316351
2025-03-12T00:00:00+00:00,558.17,567.0,553.69,560.67,1256600.2,559.498,249539
2025-03-13T00:00:00+00:00,556.63,559.67,549.68,553.89,1276955.075,553.105,233514
2025-03-14T00:00:00+00:00,554.68,563.83,554.23,562.08,1045908.775,560.658,201279
2025-03-17T00:00:00+00:00,559.83,569.71,559.18,566.98,883237.425,566.322,169858
2025-03-18T00:00:00+00:00,565.93,567.3,559.06,561.2,1087267.1,561.098,173356
2025-03-19T00:00:00+00:00,562.09,570.95,560.13,568.7,1164181.675,566.336,206962
2025-03-20T00:00:00+00:00,568.27,570.57,562.5,565.68,993538.55,566.339,185284
2025-03-21T00:00:00+00:00,563.09,565.11,558.03,565.0,1088750.325,562.034,206337
2025-03-24T00:00:00+00:00,568.27,575.15,567.35,573.83,1009686.925,573.343,174820
2025-03-25T00:00:00+00:00,573.52,576.41,572.91,576.0,679982.825,574.999,118582
2025-03-26T00:00:00+00:00,575.1,576.33,566.03,567.62,892846.525,570.346,156229
2025-03-27T00:00:00+00:00,568.46,570.9,564.94,566.57,819764.025,568.127,151809
2025-03-28T00:00:00+00:00,566.48,567.85,553.7,554.15,1272054.45,558.023,216189
2025-03-31T00:00:00+00:00,552.6,560.72,546.87,557.0,1546564.5,555.552,283894
2025-04-01T00:00:00+00:00,557.55,563.0,553.68,561.78,971681.025,559.001,193735
2025-04-02T00:00:00+00:00,559.66,570.74,542.2,544.83,1420529.725,560.567,244304
2025-04-03T00:00:00+00:00,548.0,550.09,534.91,536.38,2168372.35,541.59,414684
2025-04-04T00:00:00+00:00,535.28,537.0,502.19,505.5,3873803.225,513.58,771891
2025-04-07T00:00:00+00:00,486.9,523.17,480.0,509.53,4954030.15,500.928,1137222
2025-04-08T00:00:00+00:00,510.22,524.98,486.2,490.57,3263982.25,507.171,680200
2025-04-09T00:00:00+00:00,490.62,548.62,482.86,545.9,4370497.825,523.094,903586
2025-04-10T00:00:00+00:00,540.14,543.01,509.32,522.1,2995273.975,523.567,636721
2025-04-11T00:00:00+00:00,525.2,536.43,520.07,534.29,1674130.95,529.345,344842
2025-04-14T00:00:00+00:00,540.0,544.48,533.86,536.9,1310284.35,539.707,256547
2025-04-15T00:00:00+00:00,539.27,543.23,532.39,533.58,967304.65,539.293,179112
2025-04-16T00:00:00+00:00,530.0,537.44,520.29,525.95,1360621.9,527.381,263658
2025-04-17T00:00:00+00:00,531.5,532.31,523.91,527.1,1123865.0,527.726,217964
2025-04-21T00:00:00+00:00,522.78,523.05,508.46,516.05,1274524.225,513.064,239186
2025-04-22T00:00:00+00:00,518.71,537.83,515.9,536.65,1443190.95,525.545,281661
2025-04-23T00:00:00+00:00,536.79,545.43,533.88,536.7,1652087.525,538.978,334291
2025-04-24T00:00:00+00:00,533.01,549.33,531.22,548.37,1171861.275,543.747,209501
2025-04-25T00:00:00+00:00,549.35,551.77,543.69,551.23,1037175.85,548.357,199865
2025-04-28T00:00:00+00:00,548.92,553.55,545.02,551.1,891076.75,549.661,155723
2025-04-29T00:00:00+00:00,552.81,555.45,547.95,552.99,847911.3,552.954,159530
2025-04-30T00:00:00+00:00,553.29,559.74,541.52,559.28,1581858.2,550.26,264300
2025-05-01T00:00:00+00:00,560.07,564.07,554.12,557.18,1074445.375,560.763,208792
2025-05-02T00:00:00+00:00,560.98,568.38,559.4,566.83,1040327.95,566.305,197788
2025-05-05T00:00:00+00:00,563.85,566.65,561.7,562.81,736363.35,564.297,142883
2025-05-06T00:00:00+00:00,560.39,565.06,556.82,563.4,946839.625,559.944,174086
2025-05-07T00:00:00+00:00,562.68,563.82,556.04,561.01,973269.3,560.106,196677
2025-05-08T00:00:00+00:00,556.5,570.31,556.5,564.32,1209787.85,566.492,233323
2025-05-09T00:00:00+00:00,565.38,567.99,562.76,565.0,694997.9,564.805,135693
2025-05-12T00:00:00+00:00,571.12,583.96,564.43,582.13,1422720.425,580.296,276151
2025-05-13T00:00:00+00:00,580.7,589.08,564.61,587.26,1099196.475,587.054,239105
2025-05-14T00:00:00+00:00,587.46,588.98,585.53,586.13,1185598.9,587.39,262951
2025-05-15T00:00:00+00:00,584.88,590.97,583.4,590.18,1260405.65,588.55,294186
2025-05-16T00:00:00+00:00,591.13,594.5,588.2,588.25,1110826.375,592.419,251467
2025-05-19T00:00:00+00:00,588.2,596.05,586.2,595.54,1161266.675,593.001,258402
2025-05-20T00:00:00+00:00,593.45,594.38,589.6,592.35,1122104.2,592.392,249784
2025-05-21T00:00:00+00:00,590.25,592.58,581.82,583.11,1707869.075,586.883,404161
2025-05-22T00:00:00+00:00,584.0,591.93,580.0,583.11,1295105.825,583.973,325814
2025-05-23T00:00:00+00:00,584.22,584.66,573.26,579.0,1319642.825,578.584,300835
2025-05-27T00:00:00+00:00,585.12,591.77,578.43,591.3,1330771.5,589.136,332232
2025-05-28T00:00:00+00:00,589.98,597.13,586.9,596.61,1237691.725,589.835,302635
2025-05-29T00:00:00+00:00,596.62,598.31,586.07,588.1,1258173.575,589.758,301535
2025-05-30T00:00:00+00:00,589.13,591.13,583.23,588.4,1558417.775,588.104,354297
2025-06-02T00:00:00+00:00,586.8,593.44,584.97,591.48,1132366.775,589.972,267482
2025-06-03T00:00:00+00:00,590.2,597.08,589.01,596.3,1171905.725,595.196,276151
2025-06-04T00:00:00+00:00,596.99,597.95,595.37,595.48,1051312.15,596.895,252908
2025-06-05T00:00:00+00:00,596.5,599.73,591.05,592.83,1677370.75,595.159,391527
2025-06-06T00:00:00+00:00,594.72,600.83,592.6,599.73,1232490.975,599.136,306877
2025-06-09T00:00:00+00:00,599.45,601.25,598.1,599.88,971971.875,600.034,239475
2025-06-10T00:00:00+00:00,599.83,603.7,597.83,602.7,1223981.125,601.652,294977
2025-06-11T00:00:00+00:00,601.89,606.4,599.27,600.49,1367518.4,602.398,323310
2025-06-12T00:00:00+00:00,598.68,603.75,597.59,600.19,1183635.825,602.471,278381
2025-06-13T00:00:00+00:00,596.34,601.85,593.79,597.49,1669460.625,598.151,382262
2025-06-16T00:00:00+00:00,600.31,604.45,596.93,598.94,1364600.775,602.657,321023
2025-06-17T00:00:00+00:00,599.07,602.62,595.57,596.2,1538096.525,599.052,340761
2025-06-18T00:00:00+00:00,599.02,601.22,596.47,597.29,1240806.0,598.813,279329
2025-06-20T00:00:00+00:00,595.23,599.46,592.86,595.31,1389989.275,595.179,312808
2025-06-23T00:00:00+00:00,594.22,603.69,591.89,603.34,1705588.575,597.248,377507
2025-06-24T00:00:00+00:00,605.07,607.85,588.79,607.02,1192736.15,606.157,268852
2025-06-25T00:00:00+00:00,607.0,608.61,605.54,607.09,1114100.875,607.141,277034
2025-06-26T00:00:00+00:00,607.72,612.82,607.72,612.1,1162609.825,610.895,265345
2025-06-27T00:00:00+00:00,613.64,616.39,610.83,613.43,1552344.075,613.942,351652
2025-06-30T00:00:00+00:00,617.33,619.22,615.04,617.71,1577768.875,617.123,368568
2025-07-01T00:00:00+00:00,617.03,618.83,615.52,617.93,1298446.925,617.425,306028
2025-07-02T00:00:00+00:00,618.49,620.76,616.35,620.62,1106509.3,619.144,264324
2025-07-03T00:00:00+00:00,621.22,626.28,620.51,625.01,902960.275,624.991,195126
2025-07-07T00:00:00+00:00,623.38,624.59,617.87,620.0,1400063.725,620.768,322483
2025-07-08T00:00:00+00:00,621.22,622.11,619.52,620.26,1109768.9,620.678,261949
2025-07-09T00:00:00+00:00,620.47,625.87,619.49,623.68,1241676.15,622.97,306008
2025-07-10T00:00:00+00:00,622.79,626.88,622.31,626.31,1075922.025,625.345,267958
2025-07-11T00:00:00+00:00,622.74,624.86,621.4,623.04,1171442.2,623.768,290366
2025-07-14T00:00:00+00:00,621.42,625.16,620.0,624.12,975146.075,623.932,231477
2025-07-15T00:00:00+00:00,626.65,627.97,620.33,621.04,1415552.775,624.342,349009
2025-07-16T00:00:00+00:00,621.88,624.73,618.05,623.18,1736476.45,622.136,424344
2025-07-17T00:00:00+00:00,624.4,628.86,623.27,628.71,1200228.025,627.0,287570
2025-07-18T00:00:00+00:00,628.74,629.65,626.46,627.9,1006218.4,627.628,235682
2025-07-21T00:00:00+00:00,629.11,631.54,628.17,629.06,1135354.5,630.113,285651
2025-07-22T00:00:00+00:00,628.31,630.62,626.19,630.51,1132562.225,628.319,288178
2025-07-23T00:00:00+00:00,630.48,635.4,629.73,634.66,1164572.15,632.17,288191
2025-07-24T00:00:00+00:00,633.95,636.15,633.53,635.44,1266346.45,635.101,327614
2025-07-25T00:00:00+00:00,635.01,637.58,634.71,637.46,980875.3,636.518,237389
2025-07-28T00:00:00+00:00,639.24,640.26,635.54,637.38,965309.95,636.882,240385
2025-07-29T00:00:00+00:00,638.44,638.89,634.33,635.44,1084291.425,636.076,265849
2025-07-30T00:00:00+00:00,636.04,639.3,631.54,638.95,1383669.1,634.909,334470
2025-07-31T00:00:00+00:00,640.64,641.52,629.99,631.08,1887987.9,635.275,456336
2025-08-01T00:00:00+00:00,629.5,631.64,619.29,621.23,2636092.25,622.286,671129
2025-08-04T00:00:00+00:00,624.1,632.47,621.72,631.79,1334418.75,629.505,326369
2025-08-05T00:00:00+00:00,631.62,633.1,626.86,627.23,1253576.0,629.082,313026
2025-08-06T00:00:00+00:00,631.21,634.21,628.13,633.61,1120196.15,631.555,266470
2025-08-07T00:00:00+00:00,634.99,638.18,629.11,633.3,1371308.225,632.414,340089
2025-08-08T00:00:00+00:00,633.56,638.6,631.3,638.6,1138936.125,636.302,272268
2025-08-11T00:00:00+00:00,637.98,638.95,634.66,635.75,1065176.075,636.743,256476
2025-08-12T00:00:00+00:00,636.68,643.1,635.14,643.06,1225564.35,640.64,300450
2025-08-13T00:00:00+00:00,643.55,646.19,642.57,644.72,1052359.125,644.289,264186
2025-08-14T00:00:00+00:00,644.56,645.62,641.4,645.16,1075470.725,644.22,256911
2025-08-15T00:00:00+00:00,646.81,647.04,642.51,643.23,1027535.6,643.994,254109
2025-08-18T00:00:00+00:00,642.97,644.55,642.08,643.55,767239.05,643.157,187821
2025-08-19T00:00:00+00:00,642.63,644.11,638.48,639.22,1245808.9,640.684,310479
2025-08-20T00:00:00+00:00,637.22,639.66,632.95,637.8,1501931.65,636.564,394293
2025-08-21T00:00:00+00:00,638.01,638.63,633.81,636.57,957587.025,635.849,214879
2025-08-22T00:00:00+00:00,636.02,646.5,633.85,645.5,1590632.5,644.357,395598
2025-08-25T00:00:00+00:00,644.41,645.29,642.34,643.01,907670.325,643.99,228092
2025-08-26T00:00:00+00:00,641.37,645.9,640.73,645.71,853617.925,643.616,199191
2025-08-27T00:00:00+00:00,645.5,647.64,643.15,644.82,878334.4,646.233,211300
2025-08-28T00:00:00+00:00,647.61,649.79,645.34,648.65,1057121.025,647.855,244452
2025-08-29T00:00:00+00:00,647.89,648.8,643.14,644.95,1339508.725,644.794,308763
2025-09-02T00:00:00+00:00,640.74,644.71,634.92,641.18,1401350.925,638.254,318540
2025-09-03T00:00:00+00:00,641.97,644.21,640.46,643.38,1299163.05,642.464,317146
2025-09-04T00:00:00+00:00,644.46,649.79,643.51,649.46,1147538.725,646.744,273456
2025-09-05T00:00:00+00:00,650.36,652.21,643.33,645.96,1551071.7,647.116,375633
2025-09-08T00:00:00+00:00,648.25,649.84,647.23,649.15,1114922.875,648.502,266382
2025-09-09T00:00:00+00:00,649.75,651.9,647.22,651.09,1244612.1,649.44,262461
2025-09-10T00:00:00+00:00,652.12,654.8,650.63,652.88,1328275.425,652.681,331588
2025-09-11T00:00:00+00:00,653.22,658.33,652.0,657.67,1231462.55,656.783,304890
2025-09-12T00:00:00+00:00,657.17,659.11,656.29,657.25,1258598.85,657.936,305103
2025-09-15T00:00:00+00:00,658.5,661.04,657.46,660.7,1222421.575,660.304,278518
2025-09-16T00:00:00+00:00,661.76,662.65,659.21,660.3,1118541.775,660.208,268462
2025-09-17T00:00:00+00:00,660.22,661.77,654.3,661.49,1741671.45,658.917,435522
2025-09-18T00:00:00+00:00,663.11,665.1,659.21,663.41,1544195.55,662.833,383105
2025-09-19T00:00:00+00:00,660.5,664.55,659.62,663.47,1455367.05,662.717,336050
2025-09-22T00:00:00+00:00,661.87,667.29,661.11,666.71,1301644.85,665.451,308375
2025-09-23T00:00:00+00:00,666.57,667.34,661.98,663.55,1430590.1,664.424,371617
2025-09-24T00:00:00+00:00,663.6,664.65,659.67,661.71,1249953.725,661.622,318439
2025-09-25T00:00:00+00:00,661.25,662.38,654.4,657.83,1595596.475,657.38,394764
2025-09-26T00:00:00+00:00,657.36,662.37,657.36,662.11,1212456.75,660.64,282205
2025-09-29T00:00:00+00:00,664.57,665.8,661.86,663.32,1321385.175,663.548,327886
2025-09-30T00:00:00+00:00,662.08,666.65,661.61,664.68,1492640.375,664.173,358766
2025-10-01T00:00:00+00:00,661.23,669.37,660.51,668.29,1329989.775,666.845,306521
2025-10-02T00:00:00+00:00,669.26,670.74,666.78,669.45,1050104.35,668.884,256005
2025-10-03T00:00:00+00:00,671.08,672.68,668.16,669.56,1283776.1,670.426,332725
2025-10-06T00:00:00+00:00,670.66,672.57,669.45,670.68,998052.925,671.327,273387
2025-10-07T00:00:00+00:00,670.87,673.1,667.67,668.85,1405019.625,669.616,364118
2025-10-08T00:00:00+00:00,670.11,674.05,668.93,673.78,1125902.9,672.125,280345
2025-10-09T00:00:00+00:00,673.12,673.94,669.21,671.96,1242206.75,671.041,309592
2025-10-10T00:00:00+00:00,671.94,673.95,646.2,652.15,2960089.125,661.505,705144
2025-10-13T00:00:00+00:00,661.5,665.13,658.17,662.68,1450743.175,662.305,378566
2025-10-14T00:00:00+00:00,659.83,665.83,653.17,662.6,1568738.85,660.978,408023
2025-10-15T00:00:00+00:00,665.09,670.23,658.93,665.11,1398627.225,665.273,333183
2025-10-16T00:00:00+00:00,666.89,668.71,657.11,658.96,1867785.65,662.631,472164
2025-10-17T00:00:00+00:00,656.83,665.76,651.41,665.28,1457786.65,662.018,361538
2025-10-20T00:00:00+00:00,666.0,672.23,665.22,671.75,978996.85,670.652,242810
2025-10-21T00:00:00+00:00,671.33,672.99,669.98,671.03,988919.675,671.713,258181
2025-10-22T00:00:00+00:00,671.72,672.84,663.3,666.81,1452649.6,667.638,351183
2025-10-23T00:00:00+00:00,668.88,672.72,666.02,672.3,1090916.1,670.858,262917
2025-10-24T00:00:00+00:00,673.21,678.47,671.76,677.3,1151042.075,677.431,263306
2025-10-27T00:00:00+00:00,682.66,686.1,682.11,685.59,1132255.35,683.903,269747
2025-10-28T00:00:00+00:00,684.9,688.91,684.69,687.28,1034267.8,686.894,254304
2025-10-29T00:00:00+00:00,688.98,689.7,682.87,686.73,1460362.4,687.172,361915
2025-10-30T00:00:00+00:00,687.35,689.0,679.72,684.48,1290712.3,682.891,315401
2025-10-31T00:00:00+00:00,685.1,686.6,679.24,681.75,1399552.75,682.693,329061
2025-11-03T00:00:00+00:00,683.65,685.8,679.94,681.89,1085362.175,682.981,421346
2025-11-04T00:00:00+00:00,676.52,680.03,672.33,672.33,1539515.2,676.426,577572
2025-11-05T00:00:00+00:00,674.37,680.86,672.42,677.28,1387569.625,678.301,479148
2025-11-06T00:00:00+00:00,676.9,679.57,668.72,671.92,1718817.3,672.045,623500
2025-11-07T00:00:00+00:00,671.0,672.6,661.2,672.36,2097828.475,666.348,743174
2025-11-10T00:00:00+00:00,675.62,682.33,675.03,681.66,1509297.4,679.214,556834
2025-11-11T00:00:00+00:00,680.88,683.58,678.73,683.32,1141443.35,681.602,412167
2025-11-12T00:00:00+00:00,685.88,685.88,680.92,682.08,1232522.8,683.145,452826
2025-11-13T00:00:00+00:00,683.0,684.95,670.52,672.6,1963211.15,674.531,755146
2025-11-14T00:00:00+00:00,670.67,675.66,663.26,673.34,1936331.475,671.174,754769
2025-11-17T00:00:00+00:00,676.14,676.26,662.17,665.3,1863083.575,667.751,742029
2025-11-18T00:00:00+00:00,663.96,665.57,655.86,659.95,2355896.725,661.115,956904
2025-11-19T00:00:00+00:00,660.2,670.67,658.01,670.05,1942445.875,662.727,764361
2025-11-20T00:00:00+00:00,670.98,675.56,650.7,654.4,3349946.9,661.599,1376047
2025-11-21T00:00:00+00:00,654.64,664.55,649.45,660.14,2328773.225,657.863,855605
2025-11-24T00:00:00+00:00,662.5,670.06,659.03,669.19,1535344.925,667.455,508863
2025-11-25T00:00:00+00:00,667.9,676.21,664.48,675.93,1627656.75,671.662,558840
2025-11-26T00:00:00+00:00,677.1,681.7,675.85,680.37,1384052.025,680.036,465286
2025-11-28T00:00:00+00:00,681.14,683.96,673.71,683.54,904297.45,682.295,269759
2025-12-01T00:00:00+00:00,679.9,682.99,677.71,680.07,1180439.125,680.659,363985
2025-12-02T00:00:00+00:00,680.47,683.82,678.83,682.4,1238703.1,681.837,414120
2025-12-03T00:00:00+00:00,683.15,684.91,679.2,683.57,1148829.475,683.011,383408
2025-12-04T00:00:00+00:00,683.66,685.72,681.34,684.75,1209083.25,683.618,435563
2025-12-05T00:00:00+00:00,685.3,688.39,683.66,685.97,1303435.825,686.166,434371
2025-12-08T00:00:00+00:00,686.59,687.32,681.57,684.68,1124562.275,683.636,388441
2025-12-09T00:00:00+00:00,684.5,685.39,682.5,682.5,1150350.575,683.827,406757
2025-12-10T00:00:00+00:00,683.71,688.97,681.31,685.72,1773218.0,685.308,650772
2025-12-11T00:00:00+00:00,683.3,691.24,681.28,688.48,1699737.15,686.839,638785
2025-12-12T00:00:00+00:00,688.65,689.86,679.17,681.89,2104597.325,682.836,813023
2025-12-15T00:00:00+00:00,684.15,685.87,679.21,679.48,1779230.75,681.42,736899
2025-12-16T00:00:00+00:00,677.48,682.22,674.98,677.69,1918210.525,678.351,757448
2025-12-17T00:00:00+00:00,679.5,681.5,671.19,672.84,1989103.975,674.468,766134
2025-12-18T00:00:00+00:00,673.05,680.74,671.89,676.43,2217244.675,677.69,875951
2025-12-19T00:00:00+00:00,676.49,681.5,674.16,681.45,1856610.1,679.883,676889
2025-12-22T00:00:00+00:00,681.5,685.36,681.5,685.06,1316029.9,684.421,455368
2025-12-23T00:00:00+00:00,684.85,688.2,683.32,687.68,1249101.65,686.872,407133
2025-12-24T00:00:00+00:00,687.45,690.83,687.35,689.56,714573.05,689.724,231389
2025-12-26T00:00:00+00:00,690.05,691.66,689.27,689.91,861524.85,690.299,310318
2025-12-29T00:00:00+00:00,690.02,690.05,686.07,687.34,1168226.55,687.636,424909
2025-12-30T00:00:00+00:00,687.93,688.56,685.73,685.85,922067.425,687.471,325046
2025-12-31T00:00:00+00:00,685.14,687.77,681.71,682.5,1415655.775,684.256,492110
2026-01-02T00:00:00+00:00,683.9,686.87,679.82,682.97,1836424.3,683.002,693719
2026-01-05T00:00:00+00:00,684.25,689.43,683.81,687.38,1458352.3,687.887,497255
2026-01-06T00:00:00+00:00,686.95,692.32,686.44,692.1,1464157.275,690.54,533382
2026-01-07T00:00:00+00:00,690.77,693.96,689.14,690.11,1578422.175,691.694,577464
2026-01-08T00:00:00+00:00,688.68,691.06,687.0,689.47,1373966.3,689.245,524823
2026-01-09T00:00:00+00:00,689.43,695.31,689.18,694.48,1712352.85,692.954,569089
2026-01-12T00:00:00+00:00,689.02,696.09,688.79,693.87,1335768.775,694.223,481428
2026-01-13T00:00:00+00:00,694.31,697.3,691.35,693.6,1645529.675,693.579,623008
2026-01-14T00:00:00+00:00,692.71,693.9,686.04,689.52,1878214.8,688.684,720394
2026-01-15T00:00:00+00:00,691.1,695.45,689.5,692.94,1605129.1,693.53,637105
2026-01-16T00:00:00+00:00,693.93,694.65,690.1,691.42,1459918.475,692.342,562835
2026-01-20T00:00:00+00:00,680.68,685.86,676.57,678.66,2229506.325,680.44,768003
2026-01-21T00:00:00+00:00,679.73,688.74,675.88,686.9,2587371.675,683.085,1025902
2026-01-22T00:00:00+00:00,688.0,691.13,685.44,689.33,1548612.2,689.228,571860
2026-01-23T00:00:00+00:00,690.39,690.96,687.12,687.99,1320433.975,689.161,477687
2026-01-26T00:00:00+00:00,688.62,694.13,686.97,692.97,1237226.075,692.884,436661
2026-01-27T00:00:00+00:00,694.45,697.28,693.57,697.16,1102849.225,695.576,367544
2026-01-28T00:00:00+00:00,697.5,698.96,692.49,694.63,1290291.075,695.775,452425
2026-01-29T00:00:00+00:00,697.0,697.76,684.83,692.69,2150822.15,690.897,796127
2026-01-30T00:00:00+00:00,690.79,694.21,687.08,690.49,1784031.95,691.325,632560
2026-02-02T00:00:00+00:00,687.0,697.48,681.94,697.02,1723807.525,694.841,601837
2026-02-03T00:00:00+00:00,697.02,697.94,684.03,688.77,2207195.175,689.814,874480
2026-02-04T00:00:00+00:00,690.0,691.9,681.76,687.9,2156287.625,686.782,861393
2026-02-05T00:00:00+00:00,686.03,687.81,670.92,673.91,2261329.0,678.995,878722
2026-02-06T00:00:00+00:00,677.4,692.31,674.15,690.62,1831238.475,687.472,701791
2026-02-09T00:00:00+00:00,690.89,695.87,688.0,693.72,1471854.525,693.575,566723
2026-02-10T00:00:00+00:00,694.38,696.54,691.66,693.69,1324232.025,694.037,503744
2026-02-11T00:00:00+00:00,693.34,697.14,689.18,692.46,1672415.7,692.716,628639
2026-02-12T00:00:00+00:00,693.84,695.45,680.27,680.65,2482035.575,685.824,1013651
2026-02-13T00:00:00+00:00,681.16,686.28,677.52,680.95,1931029.825,682.553,703268
2026-02-17T00:00:00+00:00,680.65,684.94,675.78,681.78,1751941.125,681.111,654344
2026-02-18T00:00:00+00:00,685.88,689.15,682.83,685.88,1532739.375,686.494,548169
2026-02-19T00:00:00+00:00,686.0,687.89,681.54,685.39,1277283.325,683.826,467061
2026-02-20T00:00:00+00:00,686.55,690.06,681.73,689.59,1850183.9,687.337,658285
2026-02-23T00:00:00+00:00,686.72,690.0,680.37,683.12,1862941.625,683.216,705200
2026-02-24T00:00:00+00:00,682.77,688.35,680.0,687.94,1509050.45,685.915,516174
2026-02-25T00:00:00+00:00,688.32,695.29,687.37,692.15,1150222.525,692.211,411948
2026-02-26T00:00:00+00:00,692.5,694.22,684.35,686.27,1567737.275,688.168,585292
2026-02-27T00:00:00+00:00,687.51,689.0,681.64,683.69,1713572.375,684.673,628165
2026-03-02T00:00:00+00:00,677.66,688.62,674.68,684.42,1811705.825,685.028,664952
2026-03-03T00:00:00+00:00,677.74,682.61,669.66,679.67,2216517.475,676.55,860531
2026-03-04T00:00:00+00:00,678.21,687.78,675.18,686.93,1542499.3,684.964,595082
2026-03-05T00:00:00+00:00,683.53,687.1,675.61,682.12,2140738.2,680.051,826288
2026-03-06T00:00:00+00:00,682.01,683.43,669.76,671.3,2070491.55,673.473,764562
2026-03-09T00:00:00+00:00,662.47,679.92,659.24,675.34,2161519.125,670.668,808512
2026-03-10T00:00:00+00:00,678.48,683.36,674.76,677.95,1711780.175,679.215,641417
2026-03-11T00:00:00+00:00,677.8,680.41,669.95,671.25,1356522.875,675.895,496548
2026-03-12T00:00:00+00:00,672.8,674.43,665.58,666.48,2244392.0,668.471,816454
2026-03-13T00:00:00+00:00,664.85,672.34,661.15,663.05,1816073.2,665.307,715340
2026-03-16T00:00:00+00:00,664.0,672.07,662.3,668.8,1605249.85,669.222,610988
2026-03-17T00:00:00+00:00,666.85,674.44,665.39,670.22,1556665.275,671.607,524306
2026-03-18T00:00:00+00:00,673.5,674.93,659.37,660.91,1744863.575,665.223,632570
2026-03-19T00:00:00+00:00,660.44,662.98,655.17,661.1,2204765.225,658.516,848881
2026-03-20T00:00:00+00:00,659.2,659.81,644.72,653.28,2701205.65,650.516,955121
2026-03-23T00:00:00+00:00,642.95,666.82,641.0,656.75,2661753.325,658.036,985578
2026-03-24T00:00:00+00:00,655.17,660.41,649.88,657.55,1997165.85,654.104,702945
2026-03-25T00:00:00+00:00,658.2,660.89,654.24,655.41,1918308.05,657.429,736618
2026-03-26T00:00:00+00:00,654.18,656.6,644.55,647.86,1934611.825,649.562,721708
2026-03-27T00:00:00+00:00,647.69,649.76,632.27,632.98,2053995.75,637.658,765439
2026-03-30T00:00:00+00:00,636.88,641.43,629.28,630.58,1977375.8,634.387,745953
2026-03-31T00:00:00+00:00,638.81,652.4,635.53,652.28,2912892.825,645.544,1038423
2026-04-01T00:00:00+00:00,654.0,658.52,650.34,654.75,2012928.2,655.593,769373
2026-04-02T00:00:00+00:00,648.01,658.2,644.16,655.92,1343485.375,652.787,452088
2026-04-06T00:00:00+00:00,656.07,659.72,654.89,657.91,771492.375,657.621,248314
2026-04-07T00:00:00+00:00,656.45,675.15,651.06,673.64,1504131.85,656.965,460966
2026-04-08T00:00:00+00:00,674.68,678.15,671.46,674.7,1900401.6,674.966,619457
2026-04-09T00:00:00+00:00,673.97,681.16,672.87,679.28,1157357.525,678.034,369992
2026-04-10T00:00:00+00:00,679.87,682.46,678.45,680.65,851116.2,679.969,280006
2026-04-13T00:00:00+00:00,675.5,686.96,673.98,686.44,1067389.0,681.916,337885
2026-04-14T00:00:00+00:00,686.8,695.12,685.95,694.6,1220293.0,692.349,368743
2026-04-15T00:00:00+00:00,694.6,700.74,693.05,700.65,1156427.075,697.848,354993
2026-04-16T00:00:00+00:00,700.95,702.78,698.53,702.22,921047.425,700.846,310058
2026-04-17T00:00:00+00:00,702.72,712.39,701.7,710.75,1249051.225,709.65,412181
2026-04-20T00:00:00+00:00,706.56,710.0,705.04,709.49,771330.9,708.144,254335
2026-04-21T00:00:00+00:00,709.64,712.28,702.64,707.0,1236477.5,706.515,375914
2026-04-22T00:00:00+00:00,708.48,711.45,704.04,710.43,827755.95,709.883,243555
2026-04-23T00:00:00+00:00,708.7,712.36,702.28,709.54,1179892.025,708.324,375275
2026-04-24T00:00:00+00:00,709.42,714.47,708.14,714.01,835713.625,712.522,260813
2026-04-27T00:00:00+00:00,713.87,716.48,712.29,716.26,665002.95,714.255,225340
2026-04-28T00:00:00+00:00,714.35,715.92,709.25,712.47,790593.3,711.152,249870
2026-04-29T00:00:00+00:00,712.25,714.19,707.84,713.71,876481.45,710.451,287399
2026-04-30T00:00:00+00:00,711.48,720.82,708.2,719.87,1127139.85,716.245,360122
2026-05-01T00:00:00+00:00,720.36,724.87,718.97,720.0,840461.0,722.321,301794
2026-05-04T00:00:00+00:00,721.8,722.34,714.99,717.76,1050260.025,718.471,365904
2026-05-05T00:00:00+00:00,719.89,727.07,718.69,726.46,709820.925,723.47,225284
2026-05-06T00:00:00+00:00,725.16,734.59,725.16,733.0,966037.025,732.183,293849
2026-05-07T00:00:00+00:00,734.3,736.13,728.5,731.44,1014653.65,732.53,342369
2026-05-08T00:00:00+00:00,733.13,738.02,732.91,737.82,866308.05,736.963,272538
2026-05-11T00:00:00+00:00,736.5,740.79,735.75,739.28,928294.575,739.146,320775
2026-05-12T00:00:00+00:00,737.61,738.22,735.76,736.58,8552.825,736.437,2591
